Facility_Unit.ID,Facility_ID,Similar_Facility_Unit_ID,State,Facility_Name,Unit_ID,Associated_Stacks,Year,Program_Code,Primary_Rep_Info,EPA_Region,NERC_Region,County,County_Code,FIPS_Code,Source_Category,Latitude,Longitude,Owner_Operator,SO2_Phase,NOx_Phase,Unit_Type,Primary_Fuel_Type,Secondary_Fuel_Type,SO2_Controls,NOx_Controls,PM_Controls,Hg_Controls,Commercial_Operation_Date,Operating_Status,Max_Hourly_HI_Rate,Associated_Generators_Capacity,Estimated_NameplateCapacity_MW,min_gen_MW,mean_gen_MW,max_gen_MW,avg_operating_time,non_zero_count,unique_day_hours,start_date,end_date,non_zero_count_CO2,mean_CO2_tons_MW,mean_NOx_lbs_MW,mean_SO2_lbs_MW,mean_Heat_Input_mmBtu,Total_Expected_Points,Time_Slots_Above_3,Reliability_Score_3,Reliability_Label,date_range,CF,mean_CO2_tons_MW_estimate,mean_NOx_lbs_MW_estimate,mean_SO2_lbs_MW_estimate,mean_HI_mmBtu_per_MW,Operation_Year,Age_of_Facility,Ramp_category,eia860_Retirement,Ramp,eGrid_Retirement,Planned_retirement,Lifespan_Retirement,Retirement_year
10176_A,10176,56908_1A,MA,MBTA South Boston Power Facility,A,"",2013,"CAIROS, RGGI",603812,1,NPCC,Suffolk County,MA025,25,Electric Utility,42.3414,-71.0311,Massachusetts Bay Transportation Authority (Owner)|Massachusetts Bay Transportation Authority (Operator),"","",Combustion turbine,Other Oil,"","",Water Injection,"","",1979-07-01,Operating,396,6 (69),69,9,28.4688221709007,32,0.628498845265589,433,426,2013-01-09,2023-10-23,433,0.708550336659366,1.35667234525838,,248.885681293303,2880,0,0,Low,3939,0.412591625665228,0.699766870558395,0.182443148232638,0.00752655412668095,11.7577570806623,1979,45,10M,,0.1666667,,2030,2034,2030
10176_B,10176,56908_1A,MA,MBTA South Boston Power Facility,B,"",2013,"CAIROS, RGGI",603812,1,NPCC,Suffolk County,MA025,25,Electric Utility,42.3414,-71.0311,Massachusetts Bay Transportation Authority (Owner)|Massachusetts Bay Transportation Authority (Operator),"","",Combustion turbine,Other Oil,"","",Water Injection,"","",1979-07-01,Operating,396,6 (69),69,9,27.9006622516556,32,0.628311258278146,302,295,2013-01-09,2023-09-06,302,0.722762876809874,1.40929266555898,,248.812251655629,2160,0,0,Low,3892,0.404357423937038,0.699766870558395,0.182443148232638,0.00752655412668095,11.7577570806623,1979,45,10M,,0.1666667,,2030,2034,2030
10307_1,10307,"",MA,Bellingham,1,"CP1, CS1",2013,"ARP, CAIROS, RGGI","606343 (Ended Mar 01, 2013), 607025 (Started Mar 01, 2013)",1,"",Norfolk County,MA021,21,Electric Utility,42.0925,-71.4833,"Northeast Energy Associates, LP (Owner)|Northeast Energy Associates, LP (Operator)",Phase 2,"",Combined cycle,Pipeline Natural Gas,Diesel Oil,"",Steam Injection,"","",1991-09-15,Operating,1433,"CT1 (128.7), ST1 (128.7)",257.4,1,94.5855484579985,129,0.973367676351398,14559,5607,2013-01-03,2023-11-07,14559,0.672214237319644,0.883168087193761,0.0333730635530049,1059.0309857133,6264,2440,38.9527458492976,Low,3960,0.367465223224547,,,,,1991,33,12H,,12,,,2046,2046
10307_2,10307,"",MA,Bellingham,2,"CP1, CS1",2013,"ARP, CAIROS, RGGI","606343 (Ended Mar 01, 2013), 607025 (Started Mar 01, 2013)",1,"",Norfolk County,MA021,21,Electric Utility,42.0925,-71.4833,"Northeast Energy Associates, LP (Owner)|Northeast Energy Associates, LP (Operator)",Phase 2,"",Combined cycle,Pipeline Natural Gas,Diesel Oil,"",Steam Injection,"","",1991-09-15,Operating,1433,"ST1 (128.7), CT2 (128.7)",257.4,1,96.46599695586,129,0.980370776255708,16425,5798,2013-01-03,2023-11-08,16425,0.678605856654721,0.922853778020694,0.0273707321260194,1090.68501978691,6360,2811,44.1981132075472,Low,3961,0.374770772944289,,,,,1991,33,12H,,12,,,2046,2046
1507_1,1507,"",ME,William F Wyman,1,"",2013,"ARP, RGGI","606227 (Ended Mar 01, 2013), 606343 (Started Mar 01, 2013)",1,NPCC,Cumberland County,ME005,5,Electric Utility,43.75,-70.1569,"FPL Energy Wyman, LLC (Owner)|FPL Energy Wyman, LLC (Operator)",Phase 2,"",Dry bottom wall-fired boiler,Residual Oil,"","",Low NOx Burner Technology (Dry Bottom only),Cyclone,"",1957-01-01,Operating,630,1 (50),50,0,11.8093235191027,60,0.950722046968104,1342,2484,2013-01-03,2018-05-14,2853,1.21823287427282,3.45014721595631,9.62840148996794,166.901975814932,3696,23,0.622294372294372,Low,1957,0.236186470382054,,,,,1957,67,OVER,,24,,2030,2012,2012
1507_2,1507,"",ME,William F Wyman,2,"",2013,"ARP, RGGI","606227 (Ended Mar 01, 2013), 606343 (Started Mar 01, 2013)",1,NPCC,Cumberland County,ME005,5,Electric Utility,43.75,-70.1569,"FPL Energy Wyman, LLC (Owner)|FPL Energy Wyman, LLC (Operator)",Phase 2,"",Dry bottom wall-fired boiler,Residual Oil,"","",Low NOx Burner Technology (Dry Bottom only),Cyclone,"",1958-01-01,Operating,630,2 (50),50,0,8.36537652503155,60,0.959772822885991,1775,3779,2013-01-03,2018-05-15,4753,1.35259310015339,3.97252598757826,10.6530931881616,131.135543752629,5136,131,2.5506230529595,Low,1958,0.167307530500631,,,,,1958,66,OVER,,24,,2030,2013,2013
1507_3,1507,"",ME,William F Wyman,3,"",2013,"ARP, RGGI","606227 (Ended Mar 01, 2013), 606343 (Started Mar 01, 2013)",1,NPCC,Cumberland County,ME005,5,Electric Utility,43.75,-70.1569,"FPL Energy Wyman, LLC (Owner)|FPL Energy Wyman, LLC (Operator)",Phase 2,"",Tangentially-fired,Residual Oil,"","",Other,Cyclone,"",1965-01-01,Operating,1190,3 (113.6),213.6,0,39.1984366672588,130,0.950916681470954,3492,4270,2013-01-03,2023-12-21,5627,0.902522229977158,1.6025189306044,7.09234655197418,411.143087759815,6072,146,2.40447957839262,Low,4004,0.183513280277429,,,,,1965,59,OVER,,24,,2030,2020,2020
1507_4,1507,"",ME,William F Wyman,4,"",2013,"ARP, RGGI","606227 (Ended Mar 01, 2013), 606343 (Started Mar 01, 2013)",1,NPCC,Cumberland County,ME005,5,Electric Utility,43.75,-70.1569,"Central Vermont Public Service Corporation (Owner)|Green Mountain Power Corporation (Owner)|Massachusetts Municipal Wholesale Electric (Owner)|Northeast Utilities Service Company (Owner)|FPL Energy Wyman IV, LLC (Owner)|Exelon New England (Owner)|Lyndonville Electric Department (Owner)|FPL Energy Wyman IV, LLC (Operator)",Phase 2,"",Dry bottom wall-fired boiler,Residual Oil,"","",Combustion Modification/Fuel Reburning,Electrostatic Precipitator,"",1978-12-05,Operating,6290,4 (632.4),649.1,0,228.135022450289,685,0.954797947402181,5551,3661,2013-01-01,2023-11-21,6235,0.866392929392331,1.75010389624996,6.51834263311426,2295.70173268121,5040,675,13.3928571428571,Low,3976,0.351463599522861,,,,,1978,46,OVER,,24,,2030,2033,2030
1586_FJ-1,1586,50864_1,MA,Framingham Station,FJ-1,"",2013,CAIROS,604279,1,"",Middlesex County,MA017,17,Electric Utility,42.2672,-71.3983,"Exelon New England Holdings, LLC (Owner)|Exelon Framingham, LLC (Operator)","","",Combustion turbine,Diesel Oil,"","","","","",1969-01-01,Operating,186,GT1 (14.2),14.2,0,6.08227848101266,12,0.678006329113924,298,282,2013-06-24,2023-09-14,0,,11.4395421436004,,125.977215189873,1608,0,0,Low,3734,0.428329470493849,0.782811421737463,0.0982597055450186,0.00790484980629319,13.1722979241646,1969,55,10M,,0.1666667,,2030,2024,2024
1586_FJ-2,1586,50864_1,MA,Framingham Station,FJ-2,"",2013,CAIROS,604279,1,"",Middlesex County,MA017,17,Electric Utility,42.2672,-71.3983,"Exelon New England Holdings, LLC (Owner)|Exelon Framingham, LLC (Operator)","","",Combustion turbine,Diesel Oil,"","","","","",1969-01-01,Operating,186,GT2 (14.2),14.2,0,5.65957446808511,10,0.66781914893617,356,319,2013-05-01,2023-09-14,0,,11.1845394736842,,124.083244680851,1704,8,0.469483568075117,Low,3788,0.398561582259515,0.782811421737463,0.0982597055450186,0.00790484980629319,13.1722979241646,1969,55,10M,,0.1666667,,2030,2024,2024
1586_FJ-3,1586,50864_1,MA,Framingham Station,FJ-3,"",2013,CAIROS,604279,1,"",Middlesex County,MA017,17,Electric Utility,42.2672,-71.3983,"Exelon New England Holdings, LLC (Owner)|Exelon Framingham, LLC (Operator)","","",Combustion turbine,Diesel Oil,"","","","","",1969-01-01,Operating,186,GT3 (14.2),14.2,0,5.75764705882353,12,0.646658823529412,398,360,2013-05-02,2023-09-14,0,,11.86129955047,,120.152,2112,4,0.189393939393939,Low,3787,0.405468102734051,0.782811421737463,0.0982597055450186,0.00790484980629319,13.1722979241646,1969,55,10M,,0.1666667,,2030,2024,2024
1588_81,1588,"",MA,Mystic,81,"",2013,"ARP, CAIROS, RGGI",606408,1,NPCC,Middlesex County,MA017,17,Electric Utility,42.3917,-71.0667,Constellation Mystic Power LLC (Owner/Operator)|Constellation Mystic Power LLC (Owner/Operator),Phase 2,"",Combined cycle,Pipeline Natural Gas,"","",Selective Catalytic Reduction,"","",2002-09-11,Operating,2982,"GT81 (278.6), ST85 (315)",593.6,0,303.538003165637,432,0.982532820210422,32008,8662,2013-01-02,2023-12-15,32221,0.423811153606976,0.0538567746095262,0.00427902861446553,2164.66403227709,8736,6165,70.5700549450549,Medium,3999,0.511351083500062,,,,,2002,22,12H,2024,12,,,2057,2024
1588_82,1588,"",MA,Mystic,82,"",2013,"ARP, CAIROS, RGGI",606408,1,NPCC,Middlesex County,MA017,17,Electric Utility,42.3917,-71.0667,Constellation Mystic Power LLC (Owner/Operator)|Constellation Mystic Power LLC (Owner/Operator),Phase 2,"",Combined cycle,Pipeline Natural Gas,"","",Selective Catalytic Reduction,"","",2002-12-12,Operating,2982,"GT82 (278.6), ST85 (315)",593.6,0,300.902487949463,431,0.983713062483159,33125,8623,2013-01-01,2023-12-15,33401,0.424606408632295,0.0579574096427979,0.0042870536863844,2149.8924411844,8736,6366,72.8708791208791,Medium,4000,0.50691119937578,,,,,2002,22,12H,2024,12,,,2057,2024
1588_93,1588,"",MA,Mystic,93,"",2013,"ARP, CAIROS, RGGI",606408,1,NPCC,Middlesex County,MA017,17,Electric Utility,42.3917,-71.0667,Constellation Mystic Power LLC (Owner/Operator)|Constellation Mystic Power LLC (Owner/Operator),Phase 2,"",Combined cycle,Pipeline Natural Gas,"","",Selective Catalytic Reduction,"","",2003-03-23,Operating,2982,"ST96 (315), GT93 (278.6)",593.6,0,289.972945269305,438,0.984161955643909,31897,8390,2013-01-03,2023-12-15,32194,0.429599108724875,0.0559228444577939,0.00433748556166219,2096.16913887681,8616,6114,70.9610027855153,Medium,3998,0.488498897017023,,,,,2003,21,12H,2024,12,,,2058,2024
1588_94,1588,"",MA,Mystic,94,"",2013,"ARP, CAIROS, RGGI",606408,1,NPCC,Middlesex County,MA017,17,Electric Utility,42.3917,-71.0667,Constellation Mystic Power LLC (Owner/Operator)|Constellation Mystic Power LLC (Owner/Operator),Phase 2,"",Combined cycle,Pipeline Natural Gas,"","",Selective Catalytic Reduction,"","",2003-04-21,Operating,2982,"GT94 (278.6), ST96 (315)",593.6,0,290.642536055441,436,0.98456077917213,31815,8401,2013-01-01,2023-12-15,32034,0.426333926323377,0.0544584530510525,0.00430449141893678,2085.03567662484,8640,5853,67.7430555555556,Low,4000,0.489626913840029,,,,,2003,21,12H,2024,12,,,2058,2024
1592_J1T1,1592,57943_CT2,MA,Medway Station,J1T1,"",2013,"CAIROS, RGGI",604279,1,"",Norfolk County,MA021,21,Electric Utility,42.1364,-71.4478,"Exelon New England Holdings, LLC (Owner)|Exelon West Medway, LLC (Operator)","","",Combustion turbine,Diesel Oil,Pipeline Natural Gas,"","","","",1970-01-01,Operating,392,GT1 (45),45,0,10.6511627906977,29,0.567906976744186,627,680,2013-01-04,2023-12-23,731,1.69481119958901,11.2294631389674,,222.79097127223,4008,0,0,Low,4005,0.236692506459949,0.571856271391635,0.121076329725233,0.00577486926598213,9.62259253041186,1970,54,1H,,1,,2030,2025,2025
1592_J1T2,1592,57943_CT2,MA,Medway Station,J1T2,"",2013,"CAIROS, RGGI",604279,1,"",Norfolk County,MA021,21,Electric Utility,42.1364,-71.4478,"Exelon New England Holdings, LLC (Owner)|Exelon West Medway, LLC (Operator)","","",Combustion turbine,Diesel Oil,Pipeline Natural Gas,"","","","",1970-01-01,Operating,392,GT1 (45),45,0,11.6666666666667,36,0.570685805422648,572,578,2013-01-04,2023-12-21,627,1.55494190020506,10.7232399179768,,223.880542264753,3744,1,0.0267094017094017,Low,4003,0.25925925925926,0.571856271391635,0.121076329725233,0.00577486926598213,9.62259253041186,1970,54,1H,,1,,2030,2025,2025
1592_J2T1,1592,57943_CT2,MA,Medway Station,J2T1,"",2013,"CAIROS, RGGI",604279,1,"",Norfolk County,MA021,21,Electric Utility,42.1364,-71.4478,"Exelon New England Holdings, LLC (Owner)|Exelon West Medway, LLC (Operator)","","",Combustion turbine,Diesel Oil,Pipeline Natural Gas,"","","","",1970-01-01,Operating,392,GT2 (45),45,0,11.5022831050228,30,0.577762557077626,572,611,2013-01-21,2023-12-23,657,1.59663887786159,9.44243747518857,,226.656925418569,3864,0,0,Low,3988,0.255606291222729,0.571856271391635,0.121076329725233,0.00577486926598213,9.62259253041186,1970,54,1H,,1,,2030,2025,2025
1592_J2T2,1592,57943_CT2,MA,Medway Station,J2T2,"",2013,"CAIROS, RGGI",604279,1,"",Norfolk County,MA021,21,Electric Utility,42.1364,-71.4478,"Exelon New England Holdings, LLC (Owner)|Exelon West Medway, LLC (Operator)","","",Combustion turbine,Diesel Oil,Pipeline Natural Gas,"","","","",1970-01-01,Operating,392,GT2 (45),45,0,11.2799295774648,28,0.578045774647887,499,533,2013-01-21,2023-12-21,568,1.628921492118,10.3716716091775,,226.768133802817,3624,0,0,Low,3986,0.25066510172144,0.571856271391635,0.121076329725233,0.00577486926598213,9.62259253041186,1970,54,1H,,1,,2030,2025,2025
1592_J3T1,1592,57943_CT2,MA,Medway Station,J3T1,"",2013,"CAIROS, RGGI",604279,1,"",Norfolk County,MA021,21,Electric Utility,42.1364,-71.4478,"Exelon New England Holdings, LLC (Owner)|Exelon West Medway, LLC (Operator)","","",Combustion turbine,Diesel Oil,Pipeline Natural Gas,"","","","",1970-01-01,Operating,392,GT3 (45),45,0,12.5660621761658,31,0.622085492227979,711,717,2013-01-23,2023-12-23,772,1.57376559117617,10.5450262859499,,244.044559585492,4296,2,0.0465549348230912,Low,3986,0.279245826137018,0.571856271391635,0.121076329725233,0.00577486926598213,9.62259253041186,1970,54,1H,,1,,2030,2025,2025
1592_J3T2,1592,57943_CT2,MA,Medway Station,J3T2,"",2013,"CAIROS, RGGI",604279,1,"",Norfolk County,MA021,21,Electric Utility,42.1364,-71.4478,"Exelon New England Holdings, LLC (Owner)|Exelon West Medway, LLC (Operator)","","",Combustion turbine,Diesel Oil,Pipeline Natural Gas,"","","","",1970-01-01,Operating,392,GT3 (45),45,0,12.7085137085137,30,0.616421356421356,639,635,2013-01-23,2023-12-22,693,1.54192119904621,9.74672419666175,,241.824242424242,3840,2,0.0520833333333333,Low,3985,0.282411415744749,0.571856271391635,0.121076329725233,0.00577486926598213,9.62259253041186,1970,54,1H,,1,,2030,2025,2025
1595_2,1595,2367_5,MA,Kendall Green Energy LLC,2,"",2013,"ARP, CAIROS, RGGI","1246 (Ended Jan 09, 2013), 602719 (Started Jan 09, 2013)",1,"",Middlesex County,MA017,17,Electric Utility,42.3633,-71.0792,"GenOn Kendall, LLC (Owner/Operator)|GenOn Kendall, LLC (Owner/Operator)",Phase 2,"",Dry bottom wall-fired boiler,Pipeline Natural Gas,Residual Oil,"","","","",1949-06-01,Operating,273,"3 (27.2), 2 (23)",50.2,,,,,,,"","",,,,,,,,,"",,0.867320884146342,1.53770316628952,0.998147726344003,0.00920435309884219,14.7514050864512,1949,75,12H,,12,,2030,2004,2004
1595_3,1595,10603_031,MA,Kendall Green Energy LLC,3,"",2013,"ARP, CAIROS, RGGI","1246 (Ended Jan 09, 2013), 602719 (Started Jan 09, 2013)",1,"",Middlesex County,MA017,17,Electric Utility,42.3633,-71.0792,"GenOn Kendall, LLC (Owner/Operator)|GenOn Kendall, LLC (Owner/Operator)",Phase 2,"",Dry bottom wall-fired boiler,Pipeline Natural Gas,Residual Oil,"",Low NOx Burner Technology (Dry Bottom only),"","",1954-11-01,Operating,409,"3 (27.2), 3 (27.2)",54.4,,,,,,,"","",,,,,,,,,"",,0.822711756516842,1.46514688409197,1.27778035835396,8.2807257420447,13.568429874226,1954,70,12H,,12,,2030,2009,2009
1595_4,1595,"",MA,Kendall Green Energy LLC,4,"",2013,"ARP, CAIROS, RGGI","1246 (Ended Jan 09, 2013), 602719 (Started Jan 09, 2013)",1,"",Middlesex County,MA017,17,Electric Utility,42.3633,-71.0792,"GenOn Kendall, LLC (Owner/Operator)|GenOn Kendall, LLC (Owner/Operator)",Phase 2,"",Combined cycle,Pipeline Natural Gas,Diesel Oil,"",Dry Low NOx Burners|Selective Catalytic Reduction,"","",2002-08-08,Operating,2450,"1 (17.2), GEN4 (186.2), 2 (23), 3 (27.2)",253.6,4,260.820168110101,323,0.996838305633857,78401,8784,2013-01-08,2023-12-31,78401,0.38525244709139,0.0459694871453553,0.00389223251982218,1686.78251640923,8784,8760,99.7267759562842,High,4009,1.02847069444046,,,,,2002,22,12H,,12,,2030,2057,2030
1595_S6,1595,50864_1,MA,Kendall Green Energy LLC,S6,"",2013,CAIROS,"1246 (Ended Jan 09, 2013), 602719 (Started Jan 09, 2013)",1,"",Middlesex County,MA017,17,Electric Utility,42.3633,-71.0792,"GenOn Kendall, LLC (Owner/Operator)|GenOn Kendall, LLC (Owner/Operator)","","",Combustion turbine,Diesel Oil,"","",Water Injection,"","",1970-03-01,Operating,308,JET1 (20),20,0,8.75944333996024,23,0.648091451292247,406,445,2013-06-24,2023-09-16,0,,23.0410349523377,,199.612723658052,2448,3,0.122549019607843,Low,3736,0.437972166998012,0.782811421737463,0.0982597055450186,0.00790484980629319,13.1722979241646,1970,54,12H,,12,,2030,2025,2025
1599_1,1599,"",MA,Canal Station,1,"",2013,"ARP, CAIROS, RGGI","1246 (Ended Jan 10, 2013), 2041 (Started Jan 10, 2013)",1,NPCC,Barnstable County,MA001,1,Electric Utility,41.7694,-70.5097,"GenOn Canal, LLC (Owner/Operator)|GenOn Canal, LLC (Owner/Operator)",Phase 2,"",Dry bottom wall-fired boiler,Residual Oil,"","",Low NOx Burner Technology w/ Overfire Air|Other|Selective Catalytic Reduction|Combustion Modification/Fuel Reburning,Electrostatic Precipitator,"",1968-07-01,Operating,5450,1 (542.5),585,0,307.165131354487,599,0.966796315250768,2361,2054,2013-10-26,2023-11-16,2931,0.783660443562764,0.978442561987602,3.50523934106482,2966.5579406346,3144,102,3.24427480916031,Low,3673,0.525068600605961,,,,,1968,56,12H,,12,,2030,2023,2023
1599_2,1599,"",MA,Canal Station,2,"",2013,"ARP, CAIROS, RGGI","1246 (Ended Jan 10, 2013), 2041 (Started Jan 10, 2013)",1,NPCC,Barnstable County,MA001,1,Electric Utility,41.7694,-70.5097,"GenOn Canal, LLC (Owner/Operator)|GenOn Canal, LLC (Owner/Operator)",Phase 2,"",Dry bottom wall-fired boiler,Residual Oil,Pipeline Natural Gas,"",Low NOx Burner Technology w/ Overfire Air|Overfire Air|Combustion Modification/Fuel Reburning,Electrostatic Precipitator,"",1976-02-01,Operating,5973,2 (529.62),580,0,205.488460494162,594,0.972573988596253,2928,3015,2013-06-13,2023-11-21,3680,0.763309687717194,1.4914899592238,2.20442736788696,2188.93277002444,4176,121,2.89750957854406,Low,3813,0.354290449127866,,,,,1976,48,12H,,12,,2030,2031,2030
1599_3,1599,"",MA,Canal Station,3,"",2020,"ARP, RGGI, SIPNOX",605836,1,NPCC,Barnstable County,MA001,1,Electric Utility,41.7694,-70.5097,"Canal 3 Generating LLC (Owner)|NAES Corporation (Operator) (Ended Mar 06, 2020)|Canal 3 Generating LLC (Operator) (Started Mar 06, 2020)",Phase 2,"",Combustion turbine,Pipeline Natural Gas,Diesel Oil,"",Dry Low NOx Burners|Water Injection|Selective Catalytic Reduction,"","",2019-04-05,Operating,3667.4,3 (330),367.7,0,253.015437933207,377,0.938090737240076,3151,2399,2019-08-22,2023-02-03,3174,0.596695071793154,0.10167714187164,0.00609584457663146,2434.78307844991,3744,99,2.64423076923077,Low,1261,0.688102904360095,,,,,2019,5,12H,,12,,2030,2074,2030
1660_3,1660,3176_CT5,MA,Potter,3,"",2013,"CAIROS, RGGI",603702,1,NPCC,Norfolk County,MA021,21,Electric Utility,42.235,-70.9672,Braintree Electric Light Department (Owner)|Braintree Electric Light Department (Operator),"","",Combined cycle,Pipeline Natural Gas,Diesel Oil,"",Steam Injection,"","",1977-04-01,Operating,975,"CC2 (76), CC3 (25)",101,0,44.6376518218623,91,0.872044534412955,944,939,2013-02-20,2020-06-30,987,0.740401750487506,4.75387123032969,,555.672076923077,2256,12,0.531914893617021,Low,2687,0.44195694873131,0.457368915372643,0.0822983603604652,0.00461855644207993,7.69612397631655,1977,47,12H,2024,12,,,2032,2024
1660_4,1660,"",MA,Potter,4,"",2013,"ARP, CAIROS, RGGI",603702,1,NPCC,Norfolk County,MA021,21,Electric Utility,42.235,-70.9672,Braintree Electric Light Department (Owner)|Braintree Electric Light Department (Operator),Phase 2,"",Combustion turbine,Pipeline Natural Gas,Diesel Oil,"",Water Injection|Ammonia Injection|Selective Catalytic Reduction,"","",2009-04-28,Operating,565,WAT1 (58),58,0,39.0977835723598,58,0.746655801825293,5799,4092,2013-01-01,2023-12-23,6124,0.525008586768041,0.111451113778845,0.00577266323195945,324.745484680574,8496,447,5.26129943502825,Low,4008,0.674099716764824,,,,,2009,15,12H,2024,12,,,2064,2024
1660_5,1660,"",MA,Potter,5,"",2013,"ARP, CAIROS, RGGI",603702,1,NPCC,Norfolk County,MA021,21,Electric Utility,42.235,-70.9672,Braintree Electric Light Department (Owner)|Braintree Electric Light Department (Operator),Phase 2,"",Combustion turbine,Pipeline Natural Gas,Diesel Oil,"",Water Injection|Ammonia Injection|Selective Catalytic Reduction,"","",2009-04-21,Operating,565,WAT2 (58),58,0,38.9643738433066,58,0.744310610734115,6141,4149,2013-01-01,2023-12-28,6470,0.527366189712838,0.139811925824774,0.0113610837340933,326.119891733498,8472,526,6.20868744098206,Low,4013,0.671799549022528,,,,,2009,15,12H,2024,12,,,2064,2024
1678_1,1678,50864_1,MA,Waters River,1,CP1,2013,CAIROS,602988,1,"",Essex County,MA009,9,Electric Utility,42.5428,-70.9236,Peabody Municipal Light Plant (Owner)|Peabody Municipal Light Plant (Operator),"","",Combustion turbine,Pipeline Natural Gas,Diesel Oil,"","","","",1971-11-01,Operating,321.9,1 (21.3),21.3,0,14.5153558052434,23,0.789089887640449,2473,1936,2013-01-28,2023-11-07,0,,5.46678191763856,,169.808014981273,6360,164,2.57861635220126,Low,3935,0.681472103532554,0.782811421737463,0.0982597055450186,0.00790484980629319,13.1722979241646,1971,53,1H,2026,1,2026,,2026,2026
1678_2,1678,57943_CT2,MA,Waters River,2,CP1,2013,"CAIROS, RGGI",602988,1,"",Essex County,MA009,9,Electric Utility,42.5428,-70.9236,Peabody Municipal Light Plant (Owner)|Peabody Municipal Light Plant (Operator),"","",Combustion turbine,Pipeline Natural Gas,Diesel Oil,"",Water Injection,"","",1990-11-05,Operating,485.9,2 (49.9),49.9,0,24.4968660968661,42,0.774666666666667,1538,1462,2013-01-30,2023-12-23,1539,0.745215388909565,3.3901865463342,,281.525356125356,5568,44,0.790229885057471,Low,3979,0.490919160257838,0.571856271391635,0.121076329725233,0.00577486926598213,9.62259253041186,1990,34,1H,2026,1,,,2045,2026
1682_8,1682,"",MA,Cleary Flood,8,"",2013,"ARP, CAIROS, RGGI",603827,1,NPCC,Bristol County,MA005,5,Electric Utility,41.8653,-71.1061,Taunton Municipal Lighting Plant (Owner)|Taunton Municipal Lighting Plant (Operator),Phase 2,"",Dry bottom wall-fired boiler,Residual Oil,Diesel Oil,"",Low NOx Burner Technology (Dry Bottom only),"","",1966-06-01,Operating,410,8 (28),28,0,17.1794046661303,29,0.933250201126307,1016,1119,2013-01-24,2019-07-03,1231,1.18876945771284,3.87365317973213,10.4500550716493,252.324060337892,1848,0,0,Low,2351,0.613550166647511,,,,,1966,58,10M,,0.1666667,2023,2030,2021,2021
1682_9,1682,"",MA,Cleary Flood,9,"",2013,"ARP, CAIROS, RGGI",603827,1,NPCC,Bristol County,MA005,5,Electric Utility,41.8653,-71.1061,Braintree Electric Light Department (Owner)|Hingham Municipal Lighting Plant (Owner)|Hudson Light and Power Department (Owner)|North Attleborough Electric Dept. (Owner)|Taunton Municipal Lighting Plant (Owner)|Taunton Municipal Lighting Plant (Operator),Phase 2,"",Other boiler,Pipeline Natural Gas,"Diesel Oil, Residual Oil","",Low NOx Burner Technology w/ Overfire Air,"","",1975-07-01,Operating,1334,"CA9 (95), 9A (23)",118,0,57.6590568595277,116,0.911635157308982,13447,6101,2013-01-12,2023-12-18,14015,0.632838907606591,1.60332054164342,0.0739221201994044,607.348882214454,8136,1992,24.4837758112094,Low,3992,0.488636075080743,,,,,1975,49,10M,,0.1666667,,2030,2030,2030
2362_CT1,2362,50864_1,NH,Lost Nation,CT1,"",2013,NHNOX,112,1,"",Coos County,NH007,7,Electric Utility,44.5942,-71.4943,Public Service of New Hampshire (Owner)|Public Service of New Hampshire (Operator),"","",Combustion turbine,Diesel Oil,"","","","","",1969-09-01,Operating,260,GT1 (18),18,0,7.56521739130435,15,1,324,315,2013-07-19,2023-09-12,0,,21.4787739463602,,260,1848,0,0,Low,3707,0.420289855072464,0.782811421737463,0.0982597055450186,0.00790484980629319,13.1722979241646,1969,55,10M,,0.1666667,,2030,2024,2024
2364_1,2364,"",NH,Merrimack,1,"CS001, MS001",2013,"ARP, NHNOX, RGGI",112,1,NPCC,Merrimack County,NH013,13,Electric Utility,43.1411,-71.4692,Public Service of New Hampshire (Owner)|Public Service of New Hampshire (Operator),Table 1,"",Cyclone boiler,Coal,"",Wet Lime FGD,Selective Catalytic Reduction,Electrostatic Precipitator,"",1960-12-01,Operating,1400,1 (113.6),113.6,0,98.8622215517675,128,0.97937396289033,18504,6408,2013-01-01,2023-12-07,19676,1.02188776256019,2.76939075558232,1.3234666306897,984.528284507467,6984,3326,47.62313860252,Low,3992,0.870266034786686,,,,,1960,64,OVER,,24,,2030,2035,2030
2364_2,2364,"",NH,Merrimack,2,CS001,2013,"ARP, NHNOX, RGGI",112,1,NPCC,Merrimack County,NH013,13,Electric Utility,43.1411,-71.4692,Public Service of New Hampshire (Owner)|Public Service of New Hampshire (Operator),Table 1,Phase 2 Group 2,Cyclone boiler,Coal,"",Wet Lime FGD,Selective Catalytic Reduction,Electrostatic Precipitator,"",1968-05-01,Operating,4090,2 (345.6),345.6,0,267.110317411019,361,0.990178271942357,15090,5859,2013-01-01,2023-12-08,15605,1.01125331303665,2.56765666692014,1.52837194006152,2632.71117131499,6456,2461,38.1195786864932,Low,3993,0.772888649916143,,,,,1968,56,OVER,,24,,2030,2043,2030
2364_CT1,2364,50864_1,NH,Merrimack,CT1,"",2013,NHNOX,112,1,NPCC,Merrimack County,NH013,13,Electric Utility,43.1411,-71.4692,Public Service of New Hampshire (Owner)|Public Service of New Hampshire (Operator),"","",Combustion turbine,Other Oil,"","","","","",1969-09-02,Operating,240,GT1 (18.6),18.6,0,8.00323624595469,21,1,300,293,2013-05-21,2023-09-21,0,,23.1792559644157,,239.5,1848,1,0.0541125541125541,Low,3775,0.430281518599715,0.782811421737463,0.0982597055450186,0.00790484980629319,13.1722979241646,1969,55,OVER,,24,,2030,2024,2024
2364_CT2,2364,50864_1,NH,Merrimack,CT2,"",2013,NHNOX,112,1,NPCC,Merrimack County,NH013,13,Electric Utility,43.1411,-71.4692,Public Service of New Hampshire (Owner)|Public Service of New Hampshire (Operator),"","",Combustion turbine,Other Oil,"","","","","",1969-09-03,Operating,238,GT2 (18.6),18.6,0,7.90421455938697,22,1,253,250,2013-05-21,2023-09-21,0,,24.0419292292778,,238.3,1680,0,0,Low,3775,0.424957772010052,0.782811421737463,0.0982597055450186,0.00790484980629319,13.1722979241646,1969,55,OVER,,24,,2030,2024,2024
2367_4,2367,"",NH,Schiller,4,"",2013,"ARP, NHNOX, RGGI",112,1,"",Rockingham County,NH015,15,Electric Utility,43.0978,-70.7842,Public Service of New Hampshire (Owner)|Public Service of New Hampshire (Operator),Phase 2,Phase 2 Group 1,Dry bottom wall-fired boiler,Coal,Residual Oil,"",Selective Non-catalytic Reduction|Low NOx Burner Technology w/ Overfire Air,Electrostatic Precipitator,"",1952-10-01,Operating,619,4 (50),50,0,27.0412545094845,55,0.968326544862097,12405,7158,2013-01-01,2020-05-27,17171,1.2593246716918,3.14423362977723,10.7668186477769,337.941647329221,8136,2959,36.3692232055064,Low,2703,0.54082509018969,,,,,1952,72,12H,,12,,2030,2027,2027
2367_5,2367,"",NH,Schiller,5,"",2013,"ARP, NHNOX, RGGI",112,1,"",Rockingham County,NH015,15,Electric Utility,43.0978,-70.7842,Public Service of New Hampshire (Owner)|Public Service of New Hampshire (Operator),Phase 2,Phase 2 Group 1,Circulating fluidized bed boiler,Wood,"Coal, Pipeline Natural Gas",Fluidized Bed Limestone Injection,Selective Non-catalytic Reduction,Baghouse,"",1955-05-01,Operating,775,5 (50),50,0,43.3660442073171,50,0.997204077743902,51555,8664,2013-01-01,2020-05-28,52474,1.53770316628952,0.998147726344003,0.00920435309884219,639.710085099085,8712,8302,95.2938475665748,High,2704,0.867320884146342,,,,,1955,69,12H,,12,,2030,2000,2000
2367_6,2367,"",NH,Schiller,6,"",2013,"ARP, NHNOX, RGGI",112,1,"",Rockingham County,NH015,15,Electric Utility,43.0978,-70.7842,Public Service of New Hampshire (Owner)|Public Service of New Hampshire (Operator),Phase 2,Phase 2 Group 1,Dry bottom wall-fired boiler,Coal,Residual Oil,"",Selective Non-catalytic Reduction|Low NOx Burner Technology w/ Overfire Air,Electrostatic Precipitator,"",1957-07-01,Operating,610,6 (50),50,0,27.5355334594034,56,0.95973891295065,11680,6653,2013-01-01,2020-06-08,16384,1.22861216021622,2.82475011630741,9.97377301446643,334.883068016836,7752,2798,36.09391124871,Low,2715,0.550710669188068,,,,,1957,67,12H,,12,,2030,2032,2030
2367_CT1,2367,50864_1,NH,Schiller,CT1,"",2013,NHNOX,112,1,"",Rockingham County,NH015,15,Electric Utility,43.0978,-70.7842,Public Service of New Hampshire (Owner)|Public Service of New Hampshire (Operator),"","",Combustion turbine,Other Oil,"","","","","",1969-09-04,Operating,283,GT1 (21.3),21.3,0,8.44444444444444,21,1,199,192,2013-07-03,2023-09-07,0,,25.5568077803204,,282.6,1488,0,0,Low,3718,0.396452790818988,0.782811421737463,0.0982597055450186,0.00790484980629319,13.1722979241646,1969,55,12H,,12,,2030,2024,2024
2369_CT1,2369,50864_1,NH,White Lake,CT1,"",2013,NHNOX,112,1,"",Carroll County,NH003,3,Electric Utility,43.8478,-71.2069,Public Service of New Hampshire (Owner)|Public Service of New Hampshire (Operator),"","",Combustion turbine,Other Oil,"","","","","",1969-09-05,Operating,241,GT1 (18.6),18.6,0,7.83333333333333,19,1,282,274,2013-05-10,2023-09-21,0,,23.0088580112896,,240.9,1728,1,0.0578703703703704,Low,3786,0.421146953405018,0.782811421737463,0.0982597055450186,0.00790484980629319,13.1722979241646,1969,55,10M,,0.1666667,,2030,2024,2024
3236_10,3236,"",RI,Manchester Street Station,10,"",2013,"ARP, RGGI, SIPNOX","606670 (Ended Jun 28, 2013), 607138 (Started Jun 28, 2013)",1,NPCC,Providence County,RI007,7,Electric Utility,41.8167,-71.4042,"Dominion Energy Manchester Street, Inc. (Owner)|Dominion Energy Manchester Street, Inc. (Operator)",Phase 2,"",Combined cycle,Pipeline Natural Gas,Diesel Oil,"",Dry Low NOx Burners|Selective Catalytic Reduction|Steam Injection,"","",1995-07-24,Operating,1450,"GE10 (48), G10A (125)",173,1,88.4135392783878,125,0.951942801979003,49722,8194,2013-01-01,2023-12-31,49719,0.701925537146806,0.35130183062343,0.0093216302275336,1042.35873657536,8784,6676,76.0018214936248,Medium,4016,0.511060920684323,,,,,1995,29,12H,,12,,,2050,2050
3236_11,3236,"",RI,Manchester Street Station,11,"",2013,"ARP, RGGI, SIPNOX","606670 (Ended Jun 28, 2013), 607138 (Started Jun 28, 2013)",1,NPCC,Providence County,RI007,7,Electric Utility,41.8167,-71.4042,"Dominion Energy Manchester Street, Inc. (Owner)|Dominion Energy Manchester Street, Inc. (Operator)",Phase 2,"",Combined cycle,Pipeline Natural Gas,Diesel Oil,"",Dry Low NOx Burners|Selective Catalytic Reduction|Steam Injection,"","",1995-06-30,Operating,1450,"GE11 (46), G11A (125)",171,1,88.8905578537291,124,0.951810313667216,49798,8239,2013-01-01,2023-12-11,49775,0.708854029709671,0.374628888900937,0.0105233858163834,1054.0261521547,8760,6695,76.4269406392694,Medium,3996,0.519827823706018,,,,,1995,29,12H,,12,,,2050,2050
3236_9,3236,"",RI,Manchester Street Station,9,"",2013,"ARP, RGGI, SIPNOX","606670 (Ended Jun 28, 2013), 607138 (Started Jun 28, 2013)",1,NPCC,Providence County,RI007,7,Electric Utility,41.8167,-71.4042,"Dominion Energy Manchester Street, Inc. (Owner)|Dominion Energy Manchester Street, Inc. (Operator)",Phase 2,"",Combined cycle,Pipeline Natural Gas,Diesel Oil,"",Dry Low NOx Burners|Selective Catalytic Reduction|Steam Injection,"","",1995-08-30,Operating,1450,"GEN9 (46), GE9A (125)",171,1,85.1324800958822,124,0.941577133807037,46724,8111,2013-01-01,2023-12-31,46724,0.715315701417643,0.406024227385971,0.0099692161106963,1020.87744895557,8784,6371,72.5295992714025,Medium,4016,0.497850760794633,,,,,1995,29,12H,,12,,,2050,2050
3734_A,3734,50865_1,VT,Berlin 5,A,"",2013,RGGI,605321,1,"",Washington County,VT023,23,Electric Utility,44.2498,-72.6035,Green Mountain Power Corporation (Owner)|Green Mountain Power Corporation (Operator),"","",Combustion turbine,Diesel Oil,"","","","","",1972-06-01,Operating,385.1,GT1 (41.8),41.8,,,,,,,"","",,,,,,,,,"",,0.893772972617239,0.785639376464515,0.122134230853872,0.00793338733496745,13.2199130010837,1972,52,10M,,0.1666667,,,2027,2027
3734_B,3734,50865_1,VT,Berlin 5,B,"",2013,RGGI,605321,1,"",Washington County,VT023,23,Electric Utility,44.2498,-72.6035,Green Mountain Power Corporation (Owner)|Green Mountain Power Corporation (Operator),"","",Combustion turbine,Diesel Oil,"","","","","",1972-06-01,Operating,355.5,GT1 (41.8),41.8,,,,,,,"","",,,,,,,,,"",,0.893772972617239,0.785639376464515,0.122134230853872,0.00793338733496745,13.2199130010837,1972,52,10M,,0.1666667,,,2027,2027
3754_CT1,3754,50864_1,VT,Penny Lane Gas Turbine,CT1,"",2013,RGGI,605323,1,"",Chittenden County,VT007,7,Electric Utility,44.4817,-73.2241,Burlington Electric Department (Owner)|Burlington Electric Department (Operator),"","",Combustion turbine,Diesel Oil,"","","","","",1971-09-25,Operating,180.7,GT1 (25.5),25.5,,,,,,,"","",,,,,,,,,"",,0.915469245107688,0.782811421737463,0.0982597055450186,0.00790484980629319,13.1722979241646,1971,53,1H,,1,,,2026,2026
3754_CT2,3754,50864_1,VT,Penny Lane Gas Turbine,CT2,"",2013,RGGI,605323,1,"",Chittenden County,VT007,7,Electric Utility,44.4817,-73.2241,Burlington Electric Department (Owner)|Burlington Electric Department (Operator),"","",Combustion turbine,Diesel Oil,"","","","","",1971-09-25,Operating,180.7,GT1 (25.5),25.5,,,,,,,"","",,,,,,,,,"",,0.915469245107688,0.782811421737463,0.0982597055450186,0.00790484980629319,13.1722979241646,1971,53,1H,,1,,,2026,2026
50002_1,50002,59093_10,MA,Pittsfield Generating,1,"",2013,"CAIROS, RGGI",603678,1,NPCC,Berkshire County,MA003,3,Electric Utility,42.4564,-73.2181,"Pittsfield Generating Company, LP (Owner)|PurEnergy, LLC (Operator)","","",Combined cycle,Pipeline Natural Gas,Diesel Oil,"",Selective Catalytic Reduction|Steam Injection,"","",1990-09-01,Operating,595,"GEN1 (40), GEN4 (53.4)",93.4,0,31.6587754325917,46,0.926639094884959,10431,5138,2013-01-02,2023-11-20,10518,0.709841351163859,0.283868148005778,,367.635684160487,7272,1398,19.2244224422442,Low,3974,0.338959051740811,0.425476097496987,0.0752493802444229,0.00429651113034719,7.15948584137344,1990,34,12H,,12,,,2045,2045
50002_2,50002,59093_10,MA,Pittsfield Generating,2,"",2013,"CAIROS, RGGI",603678,1,NPCC,Berkshire County,MA003,3,Electric Utility,42.4564,-73.2181,"Pittsfield Generating Company, LP (Owner)|PurEnergy, LLC (Operator)","","",Combined cycle,Pipeline Natural Gas,Diesel Oil,"",Selective Catalytic Reduction|Steam Injection,"","",1990-09-01,Operating,595,"GEN4 (53.4), GEN2 (40)",93.4,0,32.2980132450331,47,0.932792784942489,11396,5433,2013-01-02,2023-11-21,11476,0.72141890236664,0.272378692142495,,380.757927326595,7344,1537,20.9286492374728,Low,3975,0.345803139668449,0.425476097496987,0.0752493802444229,0.00429651113034719,7.15948584137344,1990,34,12H,,12,,,2045,2045
50002_3,50002,59093_10,MA,Pittsfield Generating,3,"",2013,"CAIROS, RGGI",603678,1,NPCC,Berkshire County,MA003,3,Electric Utility,42.4564,-73.2181,"Pittsfield Generating Company, LP (Owner)|PurEnergy, LLC (Operator)","","",Combined cycle,Pipeline Natural Gas,Diesel Oil,"",Selective Catalytic Reduction|Steam Injection,"","",1990-09-01,Operating,595,"GEN3 (40), GEN4 (53.4)",93.4,0,32.8464943982653,46,0.944307914709071,10985,5257,2013-01-02,2023-11-20,11068,0.707474433701467,0.252982615632178,,380.330454372967,7512,1479,19.6884984025559,Low,3974,0.35167552888935,0.425476097496987,0.0752493802444229,0.00429651113034719,7.15948584137344,1990,34,12H,,12,,,2045,2045
51026_1,51026,54238_BIOMS1,VT,Ryegate Associates,1,"",2013,ARP,"",1,"",Caledonia County,VT005,5,Electric Utility,44.2131,-72.0572,"",Phase 2,"",Stoker,Wood,"","","","","",1992-09-01,Operating,,1 (20),20,,,,,,,"","",,,,,,,,,"",,0.947629450377166,1.48399740711215,0.552007746896025,0.0125424281403369,14.2396124900624,1992,32,,,24,,,2037,2037
51030_1,51030,"",RI,Ocean State Power,1,"",2013,"ARP, RGGI, SIPNOX",604462,1,"",Providence County,RI007,7,Electric Utility,42.0099,-71.6701,TransCanada Power (Owner)|Ocean State Power (Operator)|TransCanada Power (Operator),Phase 2,"",Combined cycle,Pipeline Natural Gas,Diesel Oil,"",Water Injection|Selective Catalytic Reduction,"","",1990-12-01,Operating,1650,"GEN3 (88.6), GEN1 (82.8)",171.4,0,72.9846177471782,109,0.938273911596836,38610,8087,2013-01-01,2023-12-31,39071,0.707849210017457,0.310524523930927,0.00715095164719093,866.482209797548,8784,6098,69.4216757741348,Low,4016,0.425814572620643,,,,,1990,34,12H,,12,,,2045,2045
51030_2,51030,"",RI,Ocean State Power,2,"",2013,"ARP, RGGI, SIPNOX",604462,1,"",Providence County,RI007,7,Electric Utility,42.0099,-71.6701,TransCanada Power (Owner)|Ocean State Power (Operator)|TransCanada Power (Operator),Phase 2,"",Combined cycle,Pipeline Natural Gas,Diesel Oil,"",Water Injection|Selective Catalytic Reduction,"","",1990-12-01,Operating,1650,"GEN2 (82.8), GEN3 (88.6)",171.4,0,70.7883276862869,105,0.938736637512148,37685,8021,2013-01-01,2023-12-31,38073,0.729315423705922,0.33756471687388,0.00736482403036001,865.348421558585,8784,6012,68.4426229508197,Low,4016,0.413000744960834,,,,,1990,34,12H,,12,,,2045,2045
52026_1,52026,"",MA,Dartmouth Power,1,"",2013,"ARP, CAIROS, RGGI","2540 (Ended Sep 19, 2013), 606029 (Started Sep 19, 2013)",1,"",Bristol County,MA005,5,Electric Utility,41.6728,-70.9989,"Dartmouth Power Associates, LP (Owner)|MEG OP Co (Morris Energy Group Operating Company) (Operator)",Phase 2,"",Combined cycle,Pipeline Natural Gas,Diesel Oil,"",Water Injection|Selective Catalytic Reduction,"","",1992-05-05,Operating,656,"GEN2 (32), GEN1 (45)",77,0,48.5075576305807,84,0.926224102713744,16777,6309,2013-01-01,2023-12-08,17135,0.482995615855588,0.263219347984846,0.0102245273870668,389.663348934929,8280,2576,31.1111111111111,Low,3993,0.629968280916633,,,,,1992,32,12H,,12,,,2047,2047
52026_2,52026,50864_1,MA,Dartmouth Power,2,"",2013,CAIROS,"2540 (Ended Sep 19, 2013), 606029 (Started Sep 19, 2013)",1,"",Bristol County,MA005,5,Electric Utility,41.6728,-70.9989,"Dartmouth Power Associates, LP (Owner)|MEG OP Co (Morris Energy Group Operating Company) (Operator)","","",Combustion turbine,Pipeline Natural Gas,Diesel Oil,"",Water Injection|Selective Catalytic Reduction,"","",2009-09-03,Operating,267.1,GEN3 (24.7),24.7,0,17.3940446650124,24,0.842426799007444,5755,2991,2013-01-03,2023-12-23,6045,0.628411956594102,0.128847584809838,,182.840113647643,7584,769,10.1397679324895,Low,4006,0.704212334615887,0.782811421737463,0.0982597055450186,0.00790484980629319,13.1722979241646,2009,15,12H,,12,,,2064,2064
540_10,540,50864_1,CT,Branford,10,"",2013,CAIROS,1680,1,NPCC,New Haven County,CT009,9,Electric Utility,41.2925,-72.7942,"Connecticut Jet Power, LLC (Owner)|Connecticut Jet Power, LLC (Operator)","","",Combustion turbine,Other Oil,"","","","","",1969-07-22,Operating,250,UN10 (21.8),21.8,0,11.5508021390374,19,0.610106951871658,178,183,2013-05-03,2023-09-15,0,,14.905,,152.526737967914,1416,0,0,Low,3787,0.529853309130156,0.782811421737463,0.0982597055450186,0.00790484980629319,13.1722979241646,1969,55,10M,,0.1666667,,2030,2024,2024
542_10,542,50864_1,CT,Cos Cob,10,"",2013,CAIROS,1680,1,NPCC,Fairfield County,CT001,1,Electric Utility,41.0289,-73.5989,"Connecticut Jet Power, LLC (Owner)|Connecticut Jet Power, LLC (Operator)","","",Combustion turbine,Other Oil,"","",Water Injection,"","",1969-09-19,Operating,250,UN10 (21.3),25,0,13.9354838709677,21,0.627096774193548,148,153,2013-05-09,2023-09-16,0,,13.5,,156.774193548387,1152,0,0,Low,3782,0.557419354838708,0.782811421737463,0.0982597055450186,0.00790484980629319,13.1722979241646,1969,55,10M,,0.1666667,,2030,2024,2024
542_11,542,50864_1,CT,Cos Cob,11,"",2013,CAIROS,1680,1,NPCC,Fairfield County,CT001,1,Electric Utility,41.0289,-73.5989,"Connecticut Jet Power, LLC (Owner)|Connecticut Jet Power, LLC (Operator)","","",Combustion turbine,Other Oil,"","",Water Injection,"","",1969-09-19,Operating,250,UN11 (21.3),25,0,14.6201550387597,20,0.651085271317829,127,126,2013-05-10,2023-09-16,0,,13.3600212089077,,162.771317829457,888,0,0,Low,3781,0.584806201550388,0.782811421737463,0.0982597055450186,0.00790484980629319,13.1722979241646,1969,55,10M,,0.1666667,,2030,2024,2024
542_12,542,50864_1,CT,Cos Cob,12,"",2013,CAIROS,1680,1,NPCC,Fairfield County,CT001,1,Electric Utility,41.0289,-73.5989,"Connecticut Jet Power, LLC (Owner)|Connecticut Jet Power, LLC (Operator)","","",Combustion turbine,Other Oil,"","",Water Injection,"","",1969-10-10,Operating,250,UN12 (21.3),25,0,14.4242424242424,22,0.658484848484848,130,131,2013-05-10,2023-09-17,0,,13.6953781512605,,164.621212121212,912,0,0,Low,3782,0.576969696969696,0.782811421737463,0.0982597055450186,0.00790484980629319,13.1722979241646,1969,55,10M,,0.1666667,,2030,2024,2024
542_13,542,50864_1,CT,Cos Cob,13,"",2013,CAIROS,1680,1,NPCC,Fairfield County,CT001,1,Electric Utility,41.0289,-73.5989,"Connecticut Jet Power, LLC (Owner)|Connecticut Jet Power, LLC (Operator)","","",Combustion turbine,Other Oil,"","",Water Injection,"","",2008-06-16,Operating,308,UN13 (20),20,0,13.6887417218543,22,0.674105960264901,136,148,2013-05-09,2023-09-17,0,,18.2012578616352,,207.626490066225,1056,0,0,Low,3783,0.684437086092715,0.782811421737463,0.0982597055450186,0.00790484980629319,13.1722979241646,2008,16,10M,,0.1666667,,2030,2063,2030
542_14,542,50864_1,CT,Cos Cob,14,"",2013,CAIROS,1680,1,NPCC,Fairfield County,CT001,1,Electric Utility,41.0289,-73.5989,"Connecticut Jet Power, LLC (Owner)|Connecticut Jet Power, LLC (Operator)","","",Combustion turbine,Other Oil,"","",Water Injection,"","",2008-06-19,Operating,308,UN14 (20),20,0,14.3,21,0.670875,159,159,2013-06-21,2023-09-06,0,,16.3363199300699,,206.630625,912,0,0,Low,3729,0.715,0.782811421737463,0.0982597055450186,0.00790484980629319,13.1722979241646,2008,16,10M,,0.1666667,,2030,2063,2030
54324_3,54324,"",RI,Ocean State Power II,3,"",2013,"ARP, RGGI, SIPNOX",604462,1,"",Providence County,RI007,7,Electric Utility,42.0099,-71.6701,OSP Holdings Ltd (Owner)|Ocean State Power (Operator),Phase 2,"",Combined cycle,Pipeline Natural Gas,Diesel Oil,"",Water Injection|Selective Catalytic Reduction,"","",1991-10-01,Operating,1650,"GEN3 (88.6), GEN1 (82.8)",171.4,0,69.190762994064,107,0.933462284638772,34076,7842,2013-01-01,2023-12-31,34535,0.759169112991279,0.349429327353847,0.00766531115466271,881.719456464456,8760,5419,61.8607305936073,Low,4016,0.40368006414273,,,,,1991,33,12H,,12,,,2046,2046
54324_4,54324,"",RI,Ocean State Power II,4,"",2013,"ARP, RGGI, SIPNOX",604462,1,"",Providence County,RI007,7,Electric Utility,42.0099,-71.6701,OSP Holdings Ltd (Owner)|Ocean State Power (Operator),Phase 2,"",Combined cycle,Pipeline Natural Gas,Diesel Oil,"",Water Injection|Selective Catalytic Reduction,"","",1991-10-01,Operating,1650,"GEN3 (88.6), GEN2 (82.8)",171.4,0,71.7037352142053,108,0.934485001509455,35978,7960,2013-01-01,2023-12-31,36437,0.74553247502841,0.371240900397257,0.00752878608044111,897.146413343579,8784,5619,63.9685792349727,Low,4016,0.41834151233492,,,,,1991,33,12H,,12,,,2046,2046
544_10,544,50864_1,CT,Devon,10,"",2013,CAIROS,605836,1,NPCC,New Haven County,CT009,9,Electric Utility,41.2083,-73.1092,"Devon Power, LLC (Owner)|Devon Power, LLC (Operator)","","",Combustion turbine,Other Oil,"","","","","",1985-01-01,Operating,230,10 (16.3),18.6,0,12.4532019704434,17,0.62,199,187,2013-07-03,2023-07-05,0,,13.7410996835443,,142.6,1296,0,0,Low,3654,0.669526987658247,0.782811421737463,0.0982597055450186,0.00790484980629319,13.1722979241646,1985,39,1H,,1,,,2040,2040
544_11,544,"",CT,Devon,11,"",2013,"ARP, CAIROS, RGGI",605836,1,NPCC,New Haven County,CT009,9,Electric Utility,41.2083,-73.1092,"Devon Power, LLC (Owner)|Devon Power, LLC (Operator)",Phase 2,"",Combustion turbine,Pipeline Natural Gas,Other Oil,"",Water Injection,"","",1996-07-01,Operating,415,11 (43),43,0,24.1001615508885,43,0.684733441033926,557,585,2013-01-17,2023-12-23,619,0.788451266925861,8.65767837511731,0.20353445502078,262.280003231018,3336,2,0.0599520383693046,Low,3992,0.560468873276477,,,,,1996,28,1H,,1,,,2051,2051
544_12,544,"",CT,Devon,12,"",2013,"ARP, CAIROS, RGGI",605836,1,NPCC,New Haven County,CT009,9,Electric Utility,41.2083,-73.1092,"Devon Power, LLC (Owner)|Devon Power, LLC (Operator)",Phase 2,"",Combustion turbine,Pipeline Natural Gas,Other Oil,"",Water Injection,"","",1996-07-01,Operating,415,12 (43),43,0,24.1788079470199,43,0.688576158940397,536,580,2013-01-28,2023-12-23,604,0.775150849082443,8.27179382360997,0.191558956450288,260.834011589404,3096,0,0,Low,3981,0.562297859233021,,,,,1996,28,1H,,1,,,2051,2051
544_13,544,"",CT,Devon,13,"",2013,"ARP, CAIROS, RGGI",605836,1,NPCC,New Haven County,CT009,9,Electric Utility,41.2083,-73.1092,"Devon Power, LLC (Owner)|Devon Power, LLC (Operator)",Phase 2,"",Combustion turbine,Pipeline Natural Gas,Other Oil,"",Water Injection,"","",1996-07-01,Operating,415,13 (43),43,0,23.974025974026,43,0.686801948051948,562,573,2013-01-28,2023-12-17,616,0.799909669555796,8.41366691495125,0.206212147887324,259.194185064935,3192,2,0.06265664160401,Low,3975,0.557535487768047,,,,,1996,28,1H,,1,,,2051,2051
544_14,544,"",CT,Devon,14,"",2013,"ARP, CAIROS, RGGI",605836,1,NPCC,New Haven County,CT009,9,Electric Utility,41.2083,-73.1092,"Devon Power, LLC (Owner)|Devon Power, LLC (Operator)",Phase 2,"",Combustion turbine,Pipeline Natural Gas,Other Oil,"",Water Injection,"","",1996-07-01,Operating,415,14 (43),43,0,23.8381112984823,43,0.675649241146712,526,556,2013-01-28,2023-12-17,593,0.786147566496887,8.21361608658744,0.183764077532541,257.154655986509,2976,0,0,Low,3975,0.554374681360054,,,,,1996,28,1H,,1,,,2051,2051
544_15,544,"",CT,Devon,15,"",2013,"ARP, CAIROS, RGGI",605836,1,NPCC,New Haven County,CT009,9,Electric Utility,41.2083,-73.1092,"GenConn Devon LLC (Owner)|Devon Power, LLC (Operator)",Phase 2,"",Combustion turbine,Diesel Oil,Pipeline Natural Gas,"",Water Injection|Selective Catalytic Reduction,"","",2010-07-10,Operating,485,15 (50),51,0,36.726843100189,51,0.677126654064272,991,981,2013-01-13,2023-11-06,1058,0.577453277401755,0.122755539542425,0.00561183313173945,266.059859168242,4824,2,0.0414593698175788,Low,3949,0.720134178435079,,,,,2010,14,1H,,1,,,2065,2065
544_16,544,"",CT,Devon,16,"",2013,"ARP, CAIROS, RGGI",605836,1,NPCC,New Haven County,CT009,9,Electric Utility,41.2083,-73.1092,"GenConn Devon LLC (Owner)|Devon Power, LLC (Operator)",Phase 2,"",Combustion turbine,Diesel Oil,Pipeline Natural Gas,"",Water Injection|Selective Catalytic Reduction,"","",2010-06-25,Operating,485,16 (50),51,0,36.4860986547085,51,0.679058295964126,1058,1029,2013-01-13,2023-12-27,1115,0.575259058060076,0.108351973845927,0.00569023155203776,263.923273542601,4968,8,0.161030595813205,Low,4000,0.715413699111931,,,,,2010,14,1H,,1,,,2065,2065
544_17,544,"",CT,Devon,17,"",2013,"ARP, CAIROS, RGGI",605836,1,NPCC,New Haven County,CT009,9,Electric Utility,41.2083,-73.1092,"GenConn Devon LLC (Owner)|Devon Power, LLC (Operator)",Phase 2,"",Combustion turbine,Diesel Oil,Pipeline Natural Gas,"",Water Injection|Selective Catalytic Reduction,"","",2010-06-10,Operating,490,17 (50),51,0,38.148185483871,51,0.701834677419355,952,932,2013-01-13,2023-11-06,992,0.587793171788706,0.113298919218878,0.00586198240097244,281.8226875,4584,2,0.043630017452007,Low,3949,0.748003636938647,,,,,2010,14,1H,,1,,,2065,2065
544_18,544,"",CT,Devon,18,"",2013,"ARP, CAIROS, RGGI",605836,1,NPCC,New Haven County,CT009,9,Electric Utility,41.2083,-73.1092,"GenConn Devon LLC (Owner)|Devon Power, LLC (Operator)",Phase 2,"",Combustion turbine,Diesel Oil,Pipeline Natural Gas,"",Water Injection|Selective Catalytic Reduction,"","",2010-06-01,Operating,485,18 (50),51,0,37.9883945841393,51,0.693143133462282,998,960,2013-01-13,2023-12-27,1034,0.580850178207739,0.128329709775967,0.0059015784114053,277.411507736944,4824,0,0,Low,4000,0.744870482041947,,,,,2010,14,1H,,1,,,2065,2065
546_5,546,"",CT,Montville,5,"",2013,"ARP, CAIROS, RGGI",605836,1,NPCC,New London County,CT011,11,Electric Utility,41.4281,-72.1019,"Montville Power, LLC (Owner)|Montville Power, LLC (Operator)",Phase 2,"",Tangentially-fired,Residual Oil,Pipeline Natural Gas,"","","","",1954-01-01,Operating,995,5 (75),80.4,0,47.4882154882155,89,0.972213804713805,4169,3344,2013-01-03,2023-11-29,4742,0.823146487698525,1.46469397422717,1.92007399939733,541.971176346801,4320,261,6.04166666666667,Low,3982,0.59064944637084,,,,,1954,70,10M,,0.1666667,,2030,2009,2009
546_6,546,"",CT,Montville,6,"",2013,"ARP, CAIROS, RGGI",605836,1,NPCC,New London County,CT011,11,Electric Utility,41.4281,-72.1019,"Montville Power, LLC (Owner)|Montville Power, LLC (Operator)",Phase 2,"",Tangentially-fired,Residual Oil,"","","","","",1971-01-01,Operating,5925,6 (414.9),414.9,0,135.399341486359,421,0.946030103480715,1584,1697,2013-01-24,2023-12-12,1927,1.05107095487721,2.5703014844073,3.52770410860873,1757.87593791157,2904,58,1.99724517906336,Low,3974,0.326342110114146,,,,,1971,53,10M,,0.1666667,,2030,2026,2026
54805_1,54805,"",MA,"Milford Power, LLC",1,"",2013,"ARP, CAIROS, RGGI",604078,1,"",Worcester County,MA027,27,Electric Utility,42.1292,-71.5122,"Milford Power, LP (Owner)|IPA Operations, Inc. (Operator)",Phase 2,"",Combined cycle,Pipeline Natural Gas,"","",Selective Catalytic Reduction|Steam Injection,"","",1993-05-01,Operating,1401,"ST-1 (43), GT-1 (129)",249.3,0,111.483084862385,228,0.968860856269113,20709,6002,2013-02-09,2023-12-07,20928,0.590522640517968,0.29625559058736,0.00596246996508535,1107.77373337156,6840,3546,51.8421052631579,Low,3953,0.447184455926133,,,,,1993,31,1H,,1,,,2048,2048
55026_1,55026,"",MA,Dighton,1,"",2013,"ARP, CAIROS, RGGI",2035,1,"",Bristol County,MA005,5,Electric Utility,41.8312,-71.1239,EquiPower Resources Corp (Owner)|EquiPower Resources Corp (Operator),Phase 2,"",Combined cycle,Pipeline Natural Gas,"","",Selective Catalytic Reduction,"","",1999-05-03,Operating,1423,UNT1 (170),200,0,148.303736850369,191,0.976815041607788,37933,7897,2013-02-14,2023-12-07,38214,0.458119616133245,0.10274956870837,0.0046255564619282,1143.23328091799,8712,5887,67.5734618916437,Low,3948,0.741518684251845,,,,,1999,25,12H,,12,,,2054,2054
55041_1,55041,"",MA,Berkshire Power,1,"",2013,"ARP, CAIROS, RGGI","1100 (Ended Feb 26, 2013), 607026 (Started Feb 26, 2013)",1,NPCC,Hampden County,MA013,13,Electric Utility,42.0476,-72.6478,"Berkshire Power, LLC (Owner)|ABB Energy Ventures, Inc. (Operator)",Phase 2,"",Combined cycle,Pipeline Natural Gas,"","",Selective Catalytic Reduction,"","",1999-09-28,Operating,2112,GEN2 (289),289,0,194.339523527671,264,0.981096971490579,40393,8704,2013-01-01,2023-12-08,40548,0.427527867296762,0.106522675724444,0.00432470321680785,1400.68753987866,8784,7395,84.1871584699454,Medium,3993,0.672455098711664,,,,,1999,25,12H,,12,,,2054,2054
55042_BE1,55042,"",CT,Bridgeport Energy,BE1,"",2013,"ARP, CAIROS, RGGI",601697,1,"",Fairfield County,CT001,1,Electric Utility,41.1692,-73.1844,"Bridgeport Energy, LLC (Owner)|Bridgeport Energy, LLC (Operator)",Phase 2,"",Combined cycle,Pipeline Natural Gas,"","",Selective Catalytic Reduction,"","",1998-07-27,Operating,1884,"GEN3 (180), GEN1 (170)",350,0,216.16138749567,291,0.990661364902927,66298,8784,2013-01-01,2023-12-31,66393,0.43735371609708,0.130279468990328,0.0044158387045684,1590.80238996581,8784,8601,97.9166666666667,High,4016,0.617603964273343,,,,,1998,26,12H,,12,,,2053,2053
55042_BE2,55042,"",CT,Bridgeport Energy,BE2,"",2013,"ARP, CAIROS, RGGI",601697,1,"",Fairfield County,CT001,1,Electric Utility,41.1692,-73.1844,"Bridgeport Energy, LLC (Owner)|Bridgeport Energy, LLC (Operator)",Phase 2,"",Combined cycle,Pipeline Natural Gas,"","",Selective Catalytic Reduction,"","",1998-07-27,Operating,1884,"GEN2 (170), GEN3 (180)",350,0,222.47753656073,323,0.991531085769495,68183,8784,2013-01-01,2023-12-31,68311,0.427337717384574,0.126452687627038,0.00431469081792378,1599.78653000249,8784,8689,98.9184881602914,High,4016,0.635650104459229,,,,,1998,26,12H,,12,,,2053,2053
55048_1,55048,"",RI,"Tiverton Power, LLC",1,"",2013,"ARP, RGGI, SIPNOX",606015,1,NPCC,Newport County,RI005,5,Electric Utility,41.6417,-71.17,"Tiverton Power LLC (Owner)|Wood Group Power Operations, Inc. (Operator)",Phase 2,"",Combined cycle,Pipeline Natural Gas,"","",Selective Catalytic Reduction,"","",2000-02-01,Operating,1943.4,"UNT2 (93.2), UNT1 (179.3)",272.5,0,225.916261583423,304,0.988949231198508,67931,8777,2013-01-01,2023-12-31,68093,0.417383449576151,0.0776372953659666,0.0042141920506606,1586.67725421115,8784,8644,98.4061930783242,High,4016,0.829050501223571,,,,,2000,24,12H,,12,,,2055,2055
55068_1,55068,"",ME,Maine Independence Station,1,"",2013,"ARP, RGGI",602388,1,"",Penobscot County,ME019,19,Electric Utility,44.8236,-68.7106,"Casco Bay Energy Company, LLC (Owner)|Casco Bay Energy Company, LLC (Operator)",Phase 2,"",Combined cycle,Pipeline Natural Gas,"","",Dry Low NOx Burners|Selective Catalytic Reduction,"","",2000-03-15,Operating,1937,"GEN3 (194.6), GEN1 (176.6)",371.2,0,105.912878787879,191,0.946870342771982,15880,6615,2013-01-02,2023-12-24,16100,0.695778523482063,0.198975609470099,0.00702507591076798,1239.99712077745,7920,2193,27.6893939393939,Low,4008,0.285325643286312,,,,,2000,24,12H,,12,,,2055,2055
55068_2,55068,"",ME,Maine Independence Station,2,"",2013,"ARP, RGGI",602388,1,"",Penobscot County,ME019,19,Electric Utility,44.8236,-68.7106,"Casco Bay Energy Company, LLC (Owner)|Casco Bay Energy Company, LLC (Operator)",Phase 2,"",Combined cycle,Pipeline Natural Gas,"","",Dry Low NOx Burners|Selective Catalytic Reduction,"","",2000-03-22,Operating,1937,"GEN2 (176.6), GEN3 (194.6)",371.2,0,105.474727452924,190,0.941152568063896,16891,6451,2013-01-01,2023-12-31,17151,0.696103522646373,0.209194638759059,0.00702832289045814,1235.45335818807,7656,2717,35.4885057471264,Low,4016,0.28414527869861,,,,,2000,24,12H,,12,,,2055,2055
55079_1,55079,"",MA,Millennium Power,1,"",2013,"ARP, CAIROS, RGGI",1067,1,NPCC,Worcester County,MA027,27,Electric Utility,42.1127,-72.0152,"Millennium Power Partners, LP (Owner)|MACHGen, LLC (Owner)|Millennium Power Partners, LP (Operator)",Phase 2,"",Combined cycle,Pipeline Natural Gas,Diesel Oil,"",Water Injection|Selective Catalytic Reduction,"","",2000-07-17,Operating,2842,"CT01 (230), ST01 (130)",360,0,196.850926160873,267,0.985121796498351,46905,8619,2013-01-30,2023-12-12,47292,0.638085561225049,0.140332930840131,0.00644244304243183,2113.59581373171,8712,7561,86.7883379247016,Medium,3968,0.546808128224647,,,,,2000,24,12H,,12,,,2055,2055
55100_1,55100,"",ME,Rumford Power,1,"",2013,"ARP, RGGI",606014,1,NPCC,Oxford County,ME017,17,Electric Utility,44.5303,-70.5219,Capital Power Corporation (Owner/Operator)|Capital Power Corporation (Owner/Operator),Phase 2,"",Combined cycle,Pipeline Natural Gas,"","",Selective Catalytic Reduction,"","",2000-07-06,Operating,1975,"UNT1 (179.4), UNT2 (93.5)",272.9,0,175.934211995979,287,0.960439517480174,17821,6812,2013-01-17,2023-12-30,17896,0.433464877067992,0.16002248817406,0.0043765845426975,1283.24750005585,7776,2727,35.0694444444444,Low,3999,0.644683810905017,,,,,2000,24,12H,,12,,,2055,2055
55107_RISEP1,55107,"",RI,Rhode Island State Energy Center,RISEP1,"",2013,"ARP, RGGI, SIPNOX",606671,1,"",Providence County,RI007,7,Electric Utility,41.8017,-71.5186,"Entergy Rhode Island State Energy, LP (Owner)|NextEra Energy Operating Services, LLC (Operator)",Phase 2,"",Combined cycle,Pipeline Natural Gas,"","",Dry Low NOx Burners|Selective Catalytic Reduction,"","",2002-07-29,Operating,2294.6,"STG1 (204), CTG1 (196)",400,0,249.128245892952,363,0.97364085538826,64037,8779,2013-01-03,2023-12-31,64158,0.401642014518659,0.046178637563448,0.00405522201861036,1683.70683682471,8784,8494,96.6985428051002,High,4014,0.62282061473238,,,,,2002,22,12H,,12,,,2057,2057
55107_RISEP2,55107,"",RI,Rhode Island State Energy Center,RISEP2,"",2013,"ARP, RGGI, SIPNOX",606671,1,"",Providence County,RI007,7,Electric Utility,41.8017,-71.5186,"Entergy Rhode Island State Energy, LP (Owner)|NextEra Energy Operating Services, LLC (Operator)",Phase 2,"",Combined cycle,Pipeline Natural Gas,"","",Dry Low NOx Burners|Selective Catalytic Reduction,"","",2002-08-03,Operating,2294.6,"CTG2 (196), STG1 (204)",400,0,246.061085086716,318,0.976575694433565,63707,8779,2013-01-03,2023-12-31,63829,0.404243446495324,0.0454323517893002,0.0040814899789142,1673.74997519936,8784,8477,96.5050091074681,High,4014,0.61515271271679,,,,,2002,22,12H,,12,,,2057,2057
55126_CT01,55126,"",CT,Milford Power Company LLC,CT01,"",2013,"ARP, CAIROS, RGGI",602681,1,NPCC,New Haven County,CT009,9,Electric Utility,41.2239,-73.1,"Milford Power Company, LLC (Owner)|Milford Power Company, LLC (Operator)",Phase 2,"",Combined cycle,Pipeline Natural Gas,Diesel Oil,"",Water Injection|Selective Catalytic Reduction,"","",2002-05-29,Operating,2127.1,CA01 (289),289,0,238.673499551743,300,0.989629885391679,82275,8784,2013-01-01,2023-12-31,82542,0.421046986617861,0.0537507457645427,0.00425114940731718,1690.97869694216,8784,8760,99.7267759562842,High,4016,0.825859860040633,,,,,2002,22,12H,,12,,,2057,2057
55126_CT02,55126,"",CT,Milford Power Company LLC,CT02,"",2013,"ARP, CAIROS, RGGI",602681,1,NPCC,New Haven County,CT009,9,Electric Utility,41.2239,-73.1,"Milford Power Company, LLC (Owner)|Milford Power Company, LLC (Operator)",Phase 2,"",Combined cycle,Pipeline Natural Gas,Diesel Oil,"",Water Injection|Selective Catalytic Reduction,"","",2002-03-08,Operating,2082,CA02 (289),289,0,235.126947849574,296,0.990253602375918,81508,8784,2013-01-01,2023-12-31,81821,0.4163846564165,0.0504264680152458,0.00420407720590185,1647.40794349861,8784,8760,99.7267759562842,High,4016,0.813588054842817,,,,,2002,22,12H,,12,,,2057,2057
55149_LRG1,55149,"",CT,Lake Road Generating Company,LRG1,"",2013,"ARP, CAIROS, RGGI",602681,1,"",Windham County,CT015,15,Electric Utility,41.8736,-71.8947,"Lake Road Generating Company, LP (Owner)|Lake Road Generating Company, LP (Operator)",Phase 2,"",Combined cycle,Pipeline Natural Gas,Diesel Oil,"",Dry Low NOx Burners|Water Injection|Selective Catalytic Reduction,"","",2001-08-01,Operating,2276,U1 (280),280,0,143.923694158484,256,0.989222676588764,83930,8784,2013-01-01,2023-12-31,84122,0.66635237073567,0.0799124205872084,0.00672815656270523,1613.81699406814,8784,8760,99.7267759562842,High,4016,0.514013193423157,,,,,2001,23,12H,,12,,,2056,2056
55149_LRG2,55149,"",CT,Lake Road Generating Company,LRG2,"",2013,"ARP, CAIROS, RGGI",602681,1,"",Windham County,CT015,15,Electric Utility,41.8736,-71.8947,"Lake Road Generating Company, LP (Owner)|Lake Road Generating Company, LP (Operator)",Phase 2,"",Combined cycle,Pipeline Natural Gas,Diesel Oil,"",Dry Low NOx Burners|Water Injection|Selective Catalytic Reduction,"","",2001-11-08,Operating,2276,U2 (280),280,0,146.906045770501,222,0.992592314620234,86455,8784,2013-01-01,2023-12-31,86606,0.661181969268907,0.0762183801784885,0.00667598916760231,1634.48565867261,8784,8760,99.7267759562842,High,4016,0.524664449180361,,,,,2001,23,12H,,12,,,2056,2056
55149_LRG3,55149,"",CT,Lake Road Generating Company,LRG3,"",2013,"ARP, CAIROS, RGGI",602681,1,"",Windham County,CT015,15,Electric Utility,41.8736,-71.8947,"Lake Road Generating Company, LP (Owner)|Lake Road Generating Company, LP (Operator)",Phase 2,"",Combined cycle,Pipeline Natural Gas,Diesel Oil,"",Dry Low NOx Burners|Water Injection|Selective Catalytic Reduction,"","",2001-12-01,Operating,2276,U3 (280),280,0,145.446941116643,220,0.990707333514671,84377,8784,2013-01-03,2023-12-31,84557,0.657465682599999,0.0692693018376058,0.00663845839800555,1609.1529458117,8784,8760,99.7267759562842,High,4014,0.519453361130868,,,,,2001,23,12H,,12,,,2056,2056
55170_0001,55170,"",NH,Granite Ridge Energy,0001,"",2013,"ARP, NHNOX, RGGI","1689 (Ended May 06, 2013), 1734 (Started May 06, 2013)",1,"",Rockingham County,NH015,15,Electric Utility,42.9043,-71.4251,"Granite Ridge Energy, LLC (Owner)|Granite Ridge Energy, LLC (Operator)",Phase 2,"",Combined cycle,Pipeline Natural Gas,"","",Dry Low NOx Burners|Ammonia Injection,"","",2003-02-19,Operating,2849,"CT11 (260), STG (270)",530,0,191.629425180974,272,0.98391118236208,60333,8754,2013-01-01,2023-12-22,60506,0.640454047571612,0.0951198119318001,0.006466382227098,2065.16341466962,8784,8285,94.3192167577414,High,4007,0.361564953171649,,,,,2003,21,12H,,12,,,2058,2058
55170_0002,55170,"",NH,Granite Ridge Energy,0002,"",2013,"ARP, NHNOX, RGGI","1689 (Ended May 06, 2013), 1734 (Started May 06, 2013)",1,"",Rockingham County,NH015,15,Electric Utility,42.9043,-71.4251,"Granite Ridge Energy, LLC (Owner)|Granite Ridge Energy, LLC (Operator)",Phase 2,"",Combined cycle,Pipeline Natural Gas,"","",Dry Low NOx Burners|Ammonia Injection,"","",2003-02-19,Operating,2849,"STG (270), CT12 (260)",530,0,193.2129472152,276,0.983920478051023,65050,8745,2013-01-01,2023-12-31,65265,0.637196954522677,0.0954381873241828,0.00643347607934406,2071.64278136827,8760,8565,97.7739726027397,High,4016,0.364552730594717,,,,,2003,21,12H,,12,,,2058,2058
55211_1,55211,"",MA,Bellingham Power Generation LLC,1,"",2013,"ARP, CAIROS, RGGI",602588,1,"",Norfolk County,MA021,21,Electric Utility,42.1113,-71.4529,"ANP Bellingham Energy Company, LLC (Owner)|IPA Operations, Inc. (Operator)",Phase 2,"",Combined cycle,Pipeline Natural Gas,"","",Dry Low NOx Burners|Selective Catalytic Reduction,"","",2002-06-19,Operating,2184,U1 (289),289,0,127.427550183058,216,0.982344874384547,62783,8763,2013-01-23,2023-12-31,63296,0.663861018233327,0.099102426565318,0.00670280559501631,1423.45644729201,8784,8603,97.9394353369763,High,3994,0.440925779180131,,,,,2002,22,12H,,12,,,2057,2057
55211_2,55211,"",MA,Bellingham Power Generation LLC,2,"",2013,"ARP, CAIROS, RGGI",602588,1,"",Norfolk County,MA021,21,Electric Utility,42.1113,-71.4529,"ANP Bellingham Energy Company, LLC (Owner)|IPA Operations, Inc. (Operator)",Phase 2,"",Combined cycle,Pipeline Natural Gas,"","",Dry Low NOx Burners|Selective Catalytic Reduction,"","",2002-08-24,Operating,2184,U2 (289),289,0,129.089325074411,220,0.98084916740407,61563,8761,2013-01-08,2023-12-31,62099,0.651346370750991,0.100010699133438,0.00657646848706688,1414.84202069021,8784,8629,98.2354280510018,High,4009,0.446675865309381,,,,,2002,22,12H,,12,,,2057,2057
55212_1,55212,"",MA,Blackstone Power Generation LLC,1,"",2013,"ARP, CAIROS, RGGI",2228,1,"",Worcester County,MA027,27,Electric Utility,42.0575,-71.5172,"ANP Blackstone Energy Company, LLC (Owner)|IPA Operations, Inc. (Operator)",Phase 2,"",Combined cycle,Pipeline Natural Gas,"","",Dry Low NOx Burners|Selective Catalytic Reduction,"","",2001-04-25,Operating,2184,U1 (289),289,0,127.930116614591,207,0.978551110655808,58355,8728,2013-01-01,2023-12-31,58568,0.641150411351576,0.0966242307385857,0.00647354311954547,1380.18916276529,8760,8344,95.2511415525114,High,4016,0.442664763372287,,,,,2001,23,12H,,12,,,2056,2056
55212_2,55212,"",MA,Blackstone Power Generation LLC,2,"",2013,"ARP, CAIROS, RGGI",2228,1,"",Worcester County,MA027,27,Electric Utility,42.0575,-71.5172,"ANP Blackstone Energy Company, LLC (Owner)|IPA Operations, Inc. (Operator)",Phase 2,"",Combined cycle,Pipeline Natural Gas,"","",Dry Low NOx Burners|Selective Catalytic Reduction,"","",2001-05-28,Operating,2184,U2 (289),289,0,129.923410113491,211,0.978803304009133,59277,8778,2013-01-06,2023-12-31,59564,0.647022243621005,0.0926898935203814,0.0065328506202158,1414.52787299375,8784,8591,97.8028233151184,High,4011,0.449561972711042,,,,,2001,23,12H,,12,,,2056,2056
55294_1,55294,"",ME,Westbrook Energy Center,1,"",2013,"ARP, RGGI",604977,1,NPCC,Cumberland County,ME005,5,Electric Utility,43.6576,-70.3772,"Calpine Construction Finance Company, L.P. (Owner)|Calpine Operating Services Company, Inc. (Operator)",Phase 2,"",Combined cycle,Pipeline Natural Gas,"","",Selective Catalytic Reduction,"","",2001-02-28,Operating,3850.2,"STG3 (195.5), GTG1 (184.2)",379.7,2,223.608398320336,328,0.951276344731054,50010,8612,2013-01-01,2023-12-31,50010,0.381049727542366,0.0975247908904647,0.00384732804085183,1433.75103581284,8784,7555,86.0086520947177,Medium,4016,0.588908080906863,,,,,2001,23,12H,,12,,,2056,2056
55294_2,55294,"",ME,Westbrook Energy Center,2,"",2013,"ARP, RGGI",604977,1,NPCC,Cumberland County,ME005,5,Electric Utility,43.6576,-70.3772,"Calpine Construction Finance Company, L.P. (Owner)|Calpine Operating Services Company, Inc. (Operator)",Phase 2,"",Combined cycle,Pipeline Natural Gas,"","",Selective Catalytic Reduction,"","",2001-02-28,Operating,3850.2,"GTG2 (184.2), STG3 (195.5)",379.7,0,223.221176773861,330,0.940975489248351,46545,8444,2013-01-01,2023-12-31,46551,0.380489538953702,0.0952449192193872,0.00384168066172343,1429.16773179953,8760,7130,81.3926940639269,Medium,4016,0.58788827172468,,,,,2001,23,12H,,12,,,2056,2056
55317_11,55317,"",MA,Fore River Energy Center,11,"",2013,"ARP, CAIROS, RGGI","602009 (Ended Jan 15, 2013), 606960 (Started Jan 15, 2013)",1,"",Norfolk County,MA021,21,Electric Utility,42.2417,-70.9653,Constellation Mystic Power LLC (Owner/Operator)|Constellation Mystic Power LLC (Owner/Operator),Phase 2,"",Combined cycle,Pipeline Natural Gas,Diesel Oil,"",Dry Low NOx Burners|Water Injection|Selective Catalytic Reduction,"","",2003-03-23,Operating,3001,"ST15 (315), GT11 (278.6)",593.6,0,316.153862112991,464,0.983242259814874,62444,8784,2013-01-02,2023-12-31,62660,0.419147948726012,0.054048155594181,0.00422281631569513,2219.26856670922,8784,8604,97.9508196721311,High,4015,0.532604215149918,,,,,2003,21,OVER,,24,,,2058,2058
55317_12,55317,"",MA,Fore River Energy Center,12,"",2013,"ARP, CAIROS, RGGI","602009 (Ended Jan 15, 2013), 606960 (Started Jan 15, 2013)",1,"",Norfolk County,MA021,21,Electric Utility,42.2417,-70.9653,Constellation Mystic Power LLC (Owner/Operator)|Constellation Mystic Power LLC (Owner/Operator),Phase 2,"",Combined cycle,Pipeline Natural Gas,Diesel Oil,"",Dry Low NOx Burners|Water Injection|Selective Catalytic Reduction,"","",2003-04-20,Operating,3001,"GT12 (278.6), ST15 (315)",593.6,0,325.335185442423,430,0.986230958003426,64600,8784,2013-01-02,2023-12-07,64791,0.436185625533,0.0543469045095184,0.00440349807522177,2379.01562453119,8784,8643,98.3948087431694,High,3991,0.548071404047209,,,,,2003,21,OVER,,24,,,2058,2058
55517_CT01,55517,"",CT,"Wallingford Energy, LLC",CT01,"",2013,"ARP, CAIROS, RGGI",1056,1,"",New Haven County,CT009,9,Electric Utility,41.4486,-72.8358,"Wallingford Energy, LLC (Owner)|Wallingford Energy, LLC (Operator)",Phase 2,"",Combustion turbine,Pipeline Natural Gas,"","",Water Injection|Selective Catalytic Reduction,"","",2001-10-03,Operating,530,CTG1 (45),50,1,36.7751333606894,53,0.750020517029134,7311,4025,2013-01-12,2023-12-20,7281,0.469881720430108,0.0846001718347262,0.0049251589099281,290.763685131993,8688,859,9.88720073664825,Low,3994,0.735502667213788,,,,,2001,23,1H,,1,,,2056,2056
55517_CT02,55517,"",CT,"Wallingford Energy, LLC",CT02,"",2013,"ARP, CAIROS, RGGI",1056,1,"",New Haven County,CT009,9,Electric Utility,41.4486,-72.8358,"Wallingford Energy, LLC (Owner)|Wallingford Energy, LLC (Operator)",Phase 2,"",Combustion turbine,Pipeline Natural Gas,"","",Water Injection|Selective Catalytic Reduction,"","",2001-09-08,Operating,530,CTG2 (45),50,1,36.3065860215054,54,0.753846774193548,7440,3953,2013-01-03,2023-12-31,7419,0.479658223536859,0.0888851921916474,0.00493319660448466,293.030641397849,8616,903,10.4805013927577,Low,4014,0.726131720430108,,,,,2001,23,1H,,1,,,2056,2056
55517_CT03,55517,"",CT,"Wallingford Energy, LLC",CT03,"",2013,"ARP, CAIROS, RGGI",1056,1,"",New Haven County,CT009,9,Electric Utility,41.4486,-72.8358,"Wallingford Energy, LLC (Owner)|Wallingford Energy, LLC (Operator)",Phase 2,"",Combustion turbine,Pipeline Natural Gas,"","",Water Injection|Selective Catalytic Reduction,"","",2001-08-22,Operating,530,CTG3 (45),50,1,35.1866596361719,55,0.750338781966781,7586,4132,2013-01-05,2023-12-23,7563,0.495048062009696,0.0877952990716528,0.0051943272667331,293.104862905352,8616,901,10.4572887650882,Low,4004,0.703733192723438,,,,,2001,23,1H,,1,,,2056,2056
55517_CT04,55517,"",CT,"Wallingford Energy, LLC",CT04,"",2013,"ARP, CAIROS, RGGI",1056,1,"",New Haven County,CT009,9,Electric Utility,41.4486,-72.8358,"Wallingford Energy, LLC (Owner)|Wallingford Energy, LLC (Operator)",Phase 2,"",Combustion turbine,Pipeline Natural Gas,"","",Water Injection|Selective Catalytic Reduction,"","",2001-08-21,Operating,530,CTG4 (45),50,1,36.8366638912018,54,0.7561670829864,7206,3870,2013-01-12,2023-12-20,7197,0.482470907344271,0.080067780519505,0.00508305298649438,299.060827227311,8664,905,10.4455216989843,Low,3994,0.736733277824036,,,,,2001,23,1H,,1,,,2056,2056
55517_CT05,55517,"",CT,"Wallingford Energy, LLC",CT05,"",2013,"ARP, CAIROS, RGGI",1056,1,"",New Haven County,CT009,9,Electric Utility,41.4486,-72.8358,"Wallingford Energy, LLC (Owner)|Wallingford Energy, LLC (Operator)",Phase 2,"",Combustion turbine,Pipeline Natural Gas,"","",Water Injection|Selective Catalytic Reduction,"","",2001-08-20,Operating,530,CTG5 (45),50,1,36.6108429261047,53,0.750772372818418,8079,4257,2013-01-12,2023-12-30,8049,0.475839910879407,0.0821889045537378,0.00488463007853837,293.141194578537,8664,978,11.2880886426593,Low,4004,0.732216858522094,,,,,2001,23,1H,,1,,,2056,2056
55517_CT06,55517,"",CT,"Wallingford Energy, LLC",CT06,"",2018,"ARP, RGGI, SIPNOX",605624,1,"",New Haven County,CT009,9,Electric Utility,41.4486,-72.8358,"Wallingford Energy, LLC (Owner) (Started Jan 16, 2018)|Wallingford Energy, LLC (Operator) (Started Jan 16, 2018)",Phase 2,"",Combustion turbine,Pipeline Natural Gas,"","",Water Injection|Selective Catalytic Reduction,"","",2017-12-07,Operating,473,CT06 (50),50,1,35.0448024163101,51,0.743780518499874,3973,2809,2018-05-21,2023-12-24,3973,0.506464322394835,0.0957231618940912,0.00519332342188993,298.659659702995,7848,239,3.04536187563711,Low,2043,0.700896048326202,,,,,2017,7,1H,,1,,,2072,2072
55517_CT07,55517,"",CT,"Wallingford Energy, LLC",CT07,"",2018,"ARP, RGGI, SIPNOX",605624,1,"",New Haven County,CT009,9,Electric Utility,41.4486,-72.8358,"Wallingford Energy, LLC (Owner) (Started Jan 16, 2018)|Wallingford Energy, LLC (Operator) (Started Jan 16, 2018)",Phase 2,"",Combustion turbine,Pipeline Natural Gas,"","",Water Injection|Selective Catalytic Reduction,"","",2017-12-07,Operating,473,CT07 (50),50,1,34.7193413615139,51,0.738778569673138,4069,2873,2018-05-21,2023-12-31,4069,0.498685375124758,0.095244165551804,0.00504412732793952,291.332920619317,7896,248,3.14083080040527,Low,2050,0.694386827230278,,,,,2017,7,1H,,1,,,2072,2072
55661_1,55661,"",NH,Newington Energy,1,"",2013,"ARP, NHNOX, RGGI",2241,1,"",Rockingham County,NH015,15,Electric Utility,43.1047,-70.8044,"EP Newington Energy, LLC (Owner/Operator)|EP Newington Energy, LLC (Owner/Operator)",Phase 2,"",Combined cycle,Pipeline Natural Gas,Other Oil,"",Dry Low NOx Burners|Water Injection|Ammonia Injection|Selective Catalytic Reduction,"","",2002-06-22,Operating,2395,"ST (234.3), GT-1 (185.6)",419.9,0,208.149879384664,391,0.932331632854827,25024,7291,2013-01-01,2023-12-07,25287,0.446286535957348,0.0954793076299623,0.00737485309165827,1518.73639878198,8712,4111,47.1877869605142,Low,3992,0.495712977815347,,,,,2002,22,12H,,12,,,2057,2057
55661_2,55661,"",NH,Newington Energy,2,"",2013,"ARP, NHNOX, RGGI",2241,1,"",Rockingham County,NH015,15,Electric Utility,43.1047,-70.8044,"EP Newington Energy, LLC (Owner/Operator)|EP Newington Energy, LLC (Owner/Operator)",Phase 2,"",Combined cycle,Pipeline Natural Gas,Other Oil,"",Dry Low NOx Burners|Water Injection|Ammonia Injection|Selective Catalytic Reduction,"","",2002-06-22,Operating,2395,"ST (234.3), GT-2 (185.6)",419.9,0,200.524390243902,386,0.928619270558031,26321,7518,2013-01-01,2023-12-07,26486,0.444583508956449,0.0988050879960776,0.00703085299455535,1460.64521048856,8712,4300,49.3572084481175,Low,3992,0.477552727420581,,,,,2002,22,12H,,12,,,2057,2057
56047_1,56047,"",CT,CPV Towantic Energy Center,1,"",2019,"ARP, NSPS4T, RGGI, SIPNOX","603820 (Ended Mar 11, 2019), 602660 (Started Mar 11, 2019)",1,"",New Haven County,CT009,9,Electric Utility,41.4841,-73.1229,"CPV Towantic, LLC (Owner)|CPV Towantic, LLC (Operator)",Phase 2,"",Combined cycle,Pipeline Natural Gas,Diesel Oil,"",Dry Low NOx Burners|Water Injection|Selective Catalytic Reduction,"","",2018-01-27,Operating,2899,"STG (280.5), CTG1 (285)",565.5,0,355.066215828713,478,0.991100172051233,41845,8779,2018-05-19,2023-12-31,41848,0.384142394233294,0.0385471115421012,0.00391840309429873,2317.35549906806,8784,8403,95.6625683060109,High,2052,0.627880134091447,,,,,2018,6,12H,,12,,,2073,2073
56047_2,56047,"",CT,CPV Towantic Energy Center,2,"",2019,"ARP, NSPS4T, RGGI, SIPNOX","603820 (Ended Mar 11, 2019), 602660 (Started Mar 11, 2019)",1,"",New Haven County,CT009,9,Electric Utility,41.4841,-73.1229,"CPV Towantic, LLC (Owner)|CPV Towantic, LLC (Operator)",Phase 2,"",Combined cycle,Pipeline Natural Gas,Diesel Oil,"",Dry Low NOx Burners|Water Injection|Selective Catalytic Reduction,"","",2018-02-26,Operating,2899,"CTG2 (285), STG (280.5)",565.5,0,353.288963647319,479,0.992166850773248,39831,8784,2018-05-13,2023-12-31,39832,0.38569440086366,0.0368651735200579,0.00393607903409032,2315.79175210886,8784,8426,95.924408014572,High,2058,0.624737336246364,,,,,2018,6,12H,,12,,,2073,2073
56189_4,56189,50864_1,CT,"Waterside Power, LLC",4,"",2013,CAIROS,500625,1,"",Fairfield County,CT001,1,Electric Utility,41.0372,-73.5564,"Waterside Power, LLC (Owner)|Waterside Power, LLC (Operator)","","",Combustion turbine,Diesel Oil,"","",Water Injection,"","",2004-05-20,Operating,247,4 (23.2),23.2,,,,,,,"","",,,,,,,,,"",,0.915469245107688,0.782811421737463,0.0982597055450186,0.00790484980629319,13.1722979241646,2004,20,1H,,1,,,2059,2059
56189_5,56189,50864_1,CT,"Waterside Power, LLC",5,"",2013,CAIROS,500625,1,"",Fairfield County,CT001,1,Electric Utility,41.0372,-73.5564,"Waterside Power, LLC (Owner)|Waterside Power, LLC (Operator)","","",Combustion turbine,Diesel Oil,"","",Water Injection,"","",2004-05-20,Operating,247,5 (23.2),23.2,,,,,,,"","",,,,,,,,,"",,0.915469245107688,0.782811421737463,0.0982597055450186,0.00790484980629319,13.1722979241646,2004,20,1H,,1,,,2059,2059
56189_7,56189,50864_1,CT,"Waterside Power, LLC",7,"",2013,CAIROS,500625,1,"",Fairfield County,CT001,1,Electric Utility,41.0372,-73.5564,"Waterside Power, LLC (Owner)|Waterside Power, LLC (Operator)","","",Combustion turbine,Diesel Oil,"","",Water Injection,"","",2006-05-22,Operating,247,7 (23.2),23.2,,,,,,,"","",,,,,,,,,"",,0.915469245107688,0.782811421737463,0.0982597055450186,0.00790484980629319,13.1722979241646,2006,18,1H,,1,,,2061,2061
561_10,561,50864_1,CT,Franklin Drive,10,"",2013,CAIROS,1680,1,NPCC,Litchfield County,CT005,5,Electric Utility,41.7994,-73.1156,"Connecticut Jet Power, LLC (Owner)|Connecticut Jet Power, LLC (Operator)","","",Combustion turbine,Other Oil,"","","","","",1969-01-01,Operating,250,UN19 (21.8),21.8,0,10.3010752688172,20,0.633440860215054,169,185,2013-05-21,2023-09-15,0,,18.4478079331942,,158.360215053763,1152,0,0,Low,3769,0.472526388477853,0.782811421737463,0.0982597055450186,0.00790484980629319,13.1722979241646,1969,55,10M,,0.1666667,,2030,2024,2024
562_10,562,50864_1,CT,Middletown,10,"",2013,CAIROS,605836,1,NPCC,Middlesex County,CT007,7,Electric Utility,41.5544,-72.5793,"Middletown Power, LLC (Owner)|Middletown Power, LLC (Operator)","","",Combustion turbine,Other Oil,"","","","","",1966-08-01,Operating,250,10 (18.6),18.6,0,9.16888888888889,19,0.585866666666667,211,220,2013-07-03,2023-09-05,0,,17.2291808046534,,146.466666666667,1632,0,0,Low,3716,0.492951015531661,0.782811421737463,0.0982597055450186,0.00790484980629319,13.1722979241646,1966,58,10M,,0.1666667,,2030,2021,2021
562_12,562,"",CT,Middletown,12,"",2013,"ARP, CAIROS, RGGI",605836,1,NPCC,Middlesex County,CT007,7,Electric Utility,41.5544,-72.5793,"GenConn Middletown, LLC (Owner)|Middletown Power, LLC (Operator)",Phase 2,"",Combustion turbine,Diesel Oil,Pipeline Natural Gas,"",Selective Catalytic Reduction|Water Injection,"","",2011-04-15,Operating,474.9,12 (50),60.5,0,35.4370594159114,51,0.67730110775428,932,923,2013-01-19,2023-11-06,993,0.594897467958737,0.0747505754639234,0.00768555514507375,268.126281973817,4584,2,0.043630017452007,Low,3943,0.585736519271263,,,,,2011,13,10M,,0.1666667,,2030,2066,2030
562_13,562,"",CT,Middletown,13,"",2013,"ARP, CAIROS, RGGI",605836,1,NPCC,Middlesex County,CT007,7,Electric Utility,41.5544,-72.5793,"GenConn Middletown, LLC (Owner)|Middletown Power, LLC (Operator)",Phase 2,"",Combustion turbine,Diesel Oil,Pipeline Natural Gas,"",Selective Catalytic Reduction|Water Injection,"","",2011-04-05,Operating,474.9,13 (50),60.5,0,35.5042735042735,51,0.687307692307692,879,864,2013-01-19,2023-12-27,936,0.590564155031295,0.0644228454501685,0.00741159123736158,268.585463675214,4176,7,0.167624521072797,Low,3994,0.586847495938405,,,,,2011,13,10M,,0.1666667,,2030,2066,2030
562_14,562,"",CT,Middletown,14,"",2013,"ARP, CAIROS, RGGI",605836,1,NPCC,Middlesex County,CT007,7,Electric Utility,41.5544,-72.5793,"GenConn Middletown, LLC (Owner)|Middletown Power, LLC (Operator)",Phase 2,"",Combustion turbine,Diesel Oil,Pipeline Natural Gas,"",Selective Catalytic Reduction|Water Injection,"","",2011-05-08,Operating,474.9,14 (50),60.5,0,34.9040553907023,51,0.655796241345203,959,928,2013-01-19,2023-12-27,1010,0.577916402176377,0.0538845216504194,0.00698761618680571,255.613507418398,4584,5,0.109075043630017,Low,3994,0.576926535383509,,,,,2011,13,10M,,0.1666667,,2030,2066,2030
562_15,562,"",CT,Middletown,15,"",2013,"ARP, CAIROS, RGGI",605836,1,NPCC,Middlesex County,CT007,7,Electric Utility,41.5544,-72.5793,"GenConn Middletown, LLC (Owner)|Middletown Power, LLC (Operator)",Phase 2,"",Combustion turbine,Diesel Oil,Pipeline Natural Gas,"",Water Injection|Selective Catalytic Reduction,"","",2011-05-08,Operating,474.9,15 (50),60.5,0,34.7919847328244,51,0.663473282442748,968,970,2013-01-19,2023-12-19,1048,0.598216115407822,0.0608936975481323,0.00695189512369042,263.590102099237,4848,7,0.144389438943894,Low,3986,0.57507412781528,,,,,2011,13,10M,,0.1666667,,2030,2066,2030
562_2,562,"",CT,Middletown,2,"",2013,"ARP, CAIROS, RGGI",605836,1,NPCC,Middlesex County,CT007,7,Electric Utility,41.5544,-72.5793,"Middletown Power, LLC (Owner)|Middletown Power, LLC (Operator)",Phase 2,"",Dry bottom wall-fired boiler,Pipeline Natural Gas,Residual Oil,"",Overfire Air|Selective Non-catalytic Reduction,Electrostatic Precipitator,"",1958-11-01,Operating,1295,2 (113.6),113.6,0,66.331196083003,130,0.986193168570762,16171,6574,2013-01-21,2023-11-16,17153,0.681690083639578,1.21260003708332,0.535743697154075,722.802076882723,7176,2870,39.9944258639911,Low,3951,0.583901373970097,,,,,1958,66,10M,,0.1666667,,2030,2013,2013
562_3,562,"",CT,Middletown,3,"",2013,"ARP, CAIROS, RGGI",605836,1,NPCC,Middlesex County,CT007,7,Electric Utility,41.5544,-72.5793,"Middletown Power, LLC (Owner)|Middletown Power, LLC (Operator)",Phase 2,"",Cyclone boiler,Pipeline Natural Gas,Residual Oil,"",Water Injection|Selective Non-catalytic Reduction,Electrostatic Precipitator,"",1964-12-01,Operating,2370,3 (239.4),239.4,0,125.971162001696,256,0.982973706530958,11013,5318,2013-01-25,2023-07-30,11785,0.623338001615944,2.00485216671155,0.29848666374899,1282.33808091603,6456,1746,27.0446096654275,Low,3838,0.52619532999873,,,,,1964,60,10M,,0.1666667,,2030,2019,2019
562_4,562,"",CT,Middletown,4,"",2013,"ARP, CAIROS, RGGI",605836,1,NPCC,Middlesex County,CT007,7,Electric Utility,41.5544,-72.5793,"Middletown Power, LLC (Owner)|NRG Energy, Inc (Operator)",Phase 2,"",Tangentially-fired,Residual Oil,"","","","","",1973-03-01,Operating,4684,4 (414.9),414.9,0,161.585351447135,426,0.942333136444182,1367,1407,2013-01-17,2023-08-10,1683,1.10838888888889,3.14859425216768,3.64445485151555,2212.16137152983,2520,16,0.634920634920635,Low,3857,0.389456137496108,,,,,1973,51,10M,,0.1666667,,2030,2028,2028
565_10,565,50864_1,CT,Torrington Terminal,10,"",2013,CAIROS,1680,1,NPCC,Litchfield County,CT005,5,Electric Utility,41.7761,-73.1219,"Connecticut Jet Power, LLC (Owner)|Connecticut Jet Power, LLC (Operator)","","",Combustion turbine,Other Oil,"","","","","",1969-01-01,Operating,250,UN10 (18.6),21.8,0,10.9770114942529,20,0.630287356321839,168,166,2013-07-03,2023-09-15,0,,17.2256544502618,,157.57183908046,1272,0,0,Low,3726,0.50353263735105,0.782811421737463,0.0982597055450186,0.00790484980629319,13.1722979241646,1969,55,10M,,0.1666667,,2030,2024,2024
56629_10,56629,"",CT,Waterbury Generation,10,"",2013,"ARP, CAIROS, RGGI",605320,1,"",New Haven County,CT009,9,Electric Utility,41.5444,-73.0416,"Waterbury Generation, LLC (Owner)|Waterbury Generation, LLC (Operator)",Phase 2,"",Combustion turbine,Pipeline Natural Gas,Diesel Oil,"",Water Injection|Selective Catalytic Reduction,"","",2009-05-15,Operating,1800,10 (96),96,1,66.5512777962164,106,0.697512446067043,6026,3827,2013-01-03,2023-12-31,6004,0.470140328347937,0.138499847894713,0.0241574688682868,524.640161964819,8376,524,6.25596943648519,Low,4014,0.693242477043921,,,,,2009,15,1H,,1,,,2064,2064
56798_U1,56798,"",CT,Kleen Energy Systems Project,U1,"",2013,"ARP, CAIROS, RGGI","1058 (Ended Mar 04, 2013), 607026 (Started Feb 26, 2013)",1,"",Middlesex County,CT007,7,Electric Utility,41.5526,-72.597,"Kleen Energy Systems, LLC (Owner)|Kleen Energy Systems, LLC (Operator)",Phase 2,"",Combined cycle,Pipeline Natural Gas,Diesel Oil,"",Dry Low NOx Burners|Water Injection|Selective Catalytic Reduction,"","",2011-05-03,Operating,2581,"ST (295), U1 (199)",494,0,270.227602324204,387,0.983720007043043,62358,8773,2013-01-01,2023-12-23,62473,0.412196395447463,0.0513622485321435,0.00415651037271866,1871.53721263586,8784,8592,97.8142076502732,High,4008,0.547019437903247,,,,,2011,13,12H,,12,,,2066,2066
56798_U2,56798,"",CT,Kleen Energy Systems Project,U2,"",2013,"ARP, CAIROS, RGGI","1058 (Ended Mar 04, 2013), 607026 (Started Feb 26, 2013)",1,"",Middlesex County,CT007,7,Electric Utility,41.5526,-72.597,"Kleen Energy Systems, LLC (Owner)|Kleen Energy Systems, LLC (Operator)",Phase 2,"",Combined cycle,Pipeline Natural Gas,Diesel Oil,"",Dry Low NOx Burners|Water Injection|Selective Catalytic Reduction,"","",2011-05-07,Operating,2581,"U2 (199), ST (295)",494,0,269.887406751802,341,0.984465798457454,63165,8774,2013-01-01,2023-12-30,63272,0.41429687222935,0.0502289901404963,0.00417489357774827,1875.64405672335,8784,8553,97.370218579235,High,4015,0.546330782898385,,,,,2011,13,12H,,12,,,2066,2066
568_BHB2,568,1382_H1,CT,Bridgeport Harbor Station,BHB2,"",2013,"ARP, CAIROS, RGGI","604005 (Ended Mar 13, 2013), 607042 (Started Mar 13, 2013)",1,NPCC,Fairfield County,CT001,1,Electric Utility,41.1706,-73.1843,"PSEG Power Connecticut, LLC (Owner)|PSEG Power Connecticut, LLC (Operator)",Phase 2,"",Cyclone boiler,Residual Oil,Diesel Oil,"","",Electrostatic Precipitator,"",1961-08-01,Operating,1785,2 (179.5),179.5,,,,,,,"","",,,,,,,,,"",,0.777998282296639,1.02088175239364,1.39179683042824,3.34948748815505,9.95013779089012,1961,63,1H,,1,,,2016,2016
568_BHB5,568,"",CT,Bridgeport Harbor Station,BHB5,"",2020,"ARP, RGGI, SIPNOX",608753,1,NPCC,Fairfield County,CT001,1,Electric Utility,41.1706,-73.1843,"PSEG Power Connecticut, LLC (Owner)|PSEG Power Connecticut, LLC (Operator)",Phase 2,"",Combined cycle,Pipeline Natural Gas,Diesel Oil,"",Dry Low NOx Burners|Water Injection|Selective Catalytic Reduction,"","",2019-05-09,Operating,3706,"501 (375), 502 (200.6)",575.6,0,450.160106958298,550,0.999054500660978,33282,8784,2019-10-01,2023-12-31,33284,0.382137282139131,0.0391515417106801,0.00385871195529318,2892.93657964788,8784,7813,88.945810564663,Medium,1552,0.782071068377863,,,,,2019,5,1H,,1,,,2074,2074
58054_ST01,58054,"",NH,Burgess BioPower,ST01,"",2014,ARP,606855,1,"",Coos County,NH007,7,Electric Utility,44.4719,-71.1753,"Berlin Station, LLC (Owner)|Berlin Station, LLC (Operator)",Phase 2,"",Bubbling fluidized bed boiler,Wood,Diesel Oil,Other,Selective Catalytic Reduction,Baghouse,"",2013-10-25,Operating,1554.2,ST01 (75),75,0,70.736016075439,77,0.997706885909037,75140,8784,2014-04-23,2023-12-31,76040,1.51552770812589,0.919415251384585,0.0664540652454153,1026.90743823958,8784,8657,98.554189435337,High,3539,0.943146881005853,,,,,2013,11,,,24,,,2058,2058
589_1,589,"",VT,J C McNeil,1,"",2013,ARP,563,1,NPCC,Chittenden County,VT007,7,Electric Utility,44.4917,-73.2081,Burlington Electric Department (Owner)|Central Vermont Public Service Corporation (Owner)|Green Mountain Power Corporation (Owner)|Montaup Electric Company (Owner)|VT Public Power Supply Authority (Owner)|Burlington Electric Department (Operator),Phase 2,"",Other boiler,Wood,"Diesel Oil, Pipeline Natural Gas","",Other,Cyclone|Electrostatic Precipitator,"",1984-06-02,Operating,842,1 (50),59.5,0,48.6526766917293,63,0.996342105263158,64201,8663,2013-01-01,2023-12-16,66489,1.47890064236202,0.977526779198758,0.00888960355170592,687.158769924812,8712,8393,96.3383838383838,High,4001,0.817692045239148,,,,,1984,40,,,24,,,2029,2029
59882_J4,59882,"",MA,Exelon West Medway II,J4,"",2020,"ARP, RGGI, SIPNOX",606408,1,"",Norfolk County,MA021,21,Electric Utility,42.1375,-71.444,"Exelon West Medway II, LLC (Owner)|Exelon West Medway II, LLC (Operator)",Phase 2,"",Combustion turbine,Pipeline Natural Gas,Diesel Oil,"",Dry Low NOx Burners|Water Injection|Selective Catalytic Reduction,"","",2019-02-08,Operating,992,4 (100),131.8,0,52.9778791334094,111,0.809396807297605,8324,5028,2019-08-06,2023-12-31,8769,0.552346845567092,0.0880589992596036,0.00566785043993319,486.676536716078,8664,1020,11.7728531855956,Low,1608,0.401956594335428,,,,,2019,5,10M,,0.1666667,,,2074,2074
59882_J5,59882,"",MA,Exelon West Medway II,J5,"",2020,"ARP, RGGI, SIPNOX",606408,1,"",Norfolk County,MA021,21,Electric Utility,42.1375,-71.444,"Exelon West Medway II, LLC (Owner)|Exelon West Medway II, LLC (Operator)",Phase 2,"",Combustion turbine,Pipeline Natural Gas,Diesel Oil,"",Dry Low NOx Burners|Water Injection|Selective Catalytic Reduction,"","",2019-03-02,Operating,992,5 (100),131.8,0,52.00817742535,113,0.803102465617643,7664,4804,2019-08-22,2023-12-31,8071,0.551021181252055,0.0882895644633336,0.00563584732155194,477.289539586173,8664,886,10.2262234533703,Low,1592,0.394599221740137,,,,,2019,5,10M,,0.1666667,,,2074,2074
6081_001,6081,54832_1,MA,Stony Brook Energy Center,001,"",2013,"CAIROS, RGGI",605448,1,NPCC,Hampden County,MA013,13,Electric Utility,42.1977,-72.5103,Massachusetts Municipal Wholesale Electric (Owner)|Green Mountain Power Corporation (Owner)|Village of Lydonville (Owner)|Massachusetts Municipal Wholesale Electric (Operator),"","",Combined cycle,Pipeline Natural Gas,Diesel Oil,"",Steam Injection,"","",1981-11-30,Operating,1050,"CA1 (105), CT1 (85)",190,0,63.8165242165242,116,0.949002849002849,6961,3735,2013-01-03,2023-07-26,7019,0.768341287344417,2.02056666190468,,754.863714387464,5520,860,15.5797101449275,Low,3856,0.335876443244864,0.473090459150302,0.230819330694748,0.00495111158786224,7.94483401813892,1981,43,10M,,0.1666667,,2030,2036,2030
6081_002,6081,54832_1,MA,Stony Brook Energy Center,002,"",2013,"CAIROS, RGGI",605448,1,NPCC,Hampden County,MA013,13,Electric Utility,42.1977,-72.5103,Massachusetts Municipal Wholesale Electric (Owner)|Green Mountain Power Corporation (Owner)|Village of Lydonville (Owner)|Massachusetts Municipal Wholesale Electric (Operator),"","",Combined cycle,Pipeline Natural Gas,Diesel Oil,"",Water Injection|Dry Low NOx Burners,"","",1981-11-30,Operating,1050,"CT2 (85), CA1 (105)",190,0,61.0557648831952,113,0.895252449133384,1264,1192,2013-01-16,2023-11-18,1326,0.84683477123215,1.88816294540922,,700.381028636021,3384,7,0.206855791962175,Low,3958,0.321346130964185,0.473090459150302,0.230819330694748,0.00495111158786224,7.94483401813892,1981,43,10M,,0.1666667,,2030,2036,2030
6081_003,6081,54832_1,MA,Stony Brook Energy Center,003,"",2013,"CAIROS, RGGI",605448,1,NPCC,Hampden County,MA013,13,Electric Utility,42.1977,-72.5103,Massachusetts Municipal Wholesale Electric (Owner)|Green Mountain Power Corporation (Owner)|Village of Lydonville (Owner)|Massachusetts Municipal Wholesale Electric (Operator),"","",Combined cycle,Pipeline Natural Gas,Diesel Oil,"",Steam Injection,"","",1981-11-30,Operating,1050,"CA1 (105), CT3 (85)",190,0,63.0675722744688,115,0.947535701846047,5673,3311,2013-01-03,2023-07-26,5742,0.769242807910884,1.9040736992384,,744.635222918844,5304,617,11.632730015083,Low,3856,0.331934590918257,0.473090459150302,0.230819330694748,0.00495111158786224,7.94483401813892,1981,43,10M,,0.1666667,,2030,2036,2030
6081_004,6081,7325_SJS1,MA,Stony Brook Energy Center,004,"",2013,"CAIROS, RGGI",605448,1,NPCC,Hampden County,MA013,13,Electric Utility,42.1977,-72.5103,Massachusetts Municipal Wholesale Electric (Owner)|Massachusetts Municipal Wholesale Electric (Operator),"","",Combustion turbine,Diesel Oil,"","",Water Injection,"","",1982-11-30,Operating,1050,1 (85),85,0,41.1851211072664,92,0.805363321799308,482,549,2013-01-28,2023-12-23,506,1.06759084226003,15.816370510397,,542.83062283737,3000,1,0.0333333333333333,Low,3981,0.484530836556075,0.831991816676981,0.277543411657047,0.00840041579007275,13.9984558650823,1982,42,10M,,0.1666667,,2030,2037,2030
6081_005,6081,7325_SJS1,MA,Stony Brook Energy Center,005,"",2013,"CAIROS, RGGI",605448,1,NPCC,Hampden County,MA013,13,Electric Utility,42.1977,-72.5103,Massachusetts Municipal Wholesale Electric (Owner)|Massachusetts Municipal Wholesale Electric (Operator),"","",Combustion turbine,Diesel Oil,"","",Water Injection,"","",1982-11-30,Operating,1050,2 (85),85,0,41.1168831168831,92,0.954545454545455,438,513,2013-01-28,2023-12-23,449,1.09605180037903,16.2371717354029,,556.352504638219,2808,0,0,Low,3981,0.483728036669213,0.831991816676981,0.277543411657047,0.00840041579007275,13.9984558650823,1982,42,10M,,0.1666667,,2030,2037,2030
60903_1,60903,"",MA,Salem Harbor Station NGCC,1,"",2018,"ARP, RGGI, SIPNOX",1316,1,"",Essex County,MA009,9,Electric Utility,42.5256,-70.8784,Footprint Power Salem Harbor Development LP (Owner)|Footprint Power Salem Harbor Development LP (Operator),Phase 2,"",Combined cycle,Pipeline Natural Gas,"","",Dry Low NOx Burners|Selective Catalytic Reduction,"","",2017-12-22,Operating,2449,"3 (240.7), 1 (158.4)",399.1,0,225.048195048195,360,0.940543375543376,10554,5680,2018-06-11,2023-12-31,10582,0.418637107908594,0.0640245273907603,0.00422683521873137,1585.33058986959,7464,1096,14.6838156484459,Low,2029,0.563889238406903,,,,,2017,7,12H,,12,,,2072,2072
60903_2,60903,"",MA,Salem Harbor Station NGCC,2,"",2019,"ARP, RGGI, SIPNOX","1316 (Ended Jan 29, 2019), 1896 (Started Jan 29, 2019)",1,"",Essex County,MA009,9,Electric Utility,42.5256,-70.8784,Footprint Power Salem Harbor Development LP (Owner)|Footprint Power Salem Harbor Development LP (Operator),Phase 2,"",Combined cycle,Pipeline Natural Gas,"","",Dry Low NOx Burners|Selective Catalytic Reduction,"","",2018-02-10,Operating,2600,"2 (158.4), 4 (240.7)",399.1,0,225.071741327046,365,0.930797125856068,8890,5059,2018-06-12,2023-12-07,8907,0.414157690822731,0.0688732402726773,0.00418159996887337,1568.52614774896,7056,1013,14.3565759637188,Low,2004,0.563948236850529,,,,,2018,6,12H,,12,,,2073,2073
6156_NHB1,6156,"",CT,New Haven Harbor,NHB1,"",2013,"ARP, CAIROS, RGGI","604005 (Ended Mar 18, 2013), 607042 (Started Mar 18, 2013)",1,"",New Haven County,CT009,9,Electric Utility,41.2836,-72.9042,"PSEG Power Connecticut, LLC (Owner)|PSEG Power Connecticut, LLC (Operator)",Phase 2,"",Tangentially-fired,Residual Oil,"Diesel Oil, Pipeline Natural Gas","","",Electrostatic Precipitator,"",1975-08-31,Operating,4425,1 (460),460,0,161.541967759867,480,0.958249027237354,4411,3671,2013-01-02,2023-09-08,5392,0.780788189832561,1.18943723059912,1.89047999522849,1703.26197368909,4752,332,6.98653198653199,Low,3901,0.35117819078232,,,,,1975,49,OVER,,24,,2030,2030,2030
6156_NHHS2,6156,"",CT,New Haven Harbor,NHHS2,"",2013,"ARP, CAIROS, RGGI","604005 (Ended Mar 18, 2013), 607042 (Started Mar 18, 2013)",1,"",New Haven County,CT009,9,Electric Utility,41.2836,-72.9042,"PSEG Power Connecticut, LLC (Owner/Operator) (Ended Mar 18, 2013)|PSEG New Haven LLC (Owner) (Started Mar 18, 2013)|PSEG Power Connecticut, LLC (Owner/Operator) (Ended Mar 18, 2013)|PSEG New Haven LLC (Operator) (Started Mar 18, 2013)",Phase 2,"",Combustion turbine,Diesel Oil,Pipeline Natural Gas,"",Water Injection|Selective Catalytic Reduction,"","",2012-05-07,Operating,485,2 (60.5),60.5,0,35.9433293978749,51,0.67767414403778,790,799,2013-01-19,2023-11-06,845,0.581525029562475,0.186710517671791,0.0057126198922612,264.048690672963,4008,4,0.0998003992015968,Low,3943,0.594104618146693,,,,,2012,12,OVER,,24,,2030,2067,2030
6156_NHHS3,6156,"",CT,New Haven Harbor,NHHS3,"",2013,"ARP, CAIROS, RGGI","604005 (Ended Mar 18, 2013), 607042 (Started Mar 18, 2013)",1,"",New Haven County,CT009,9,Electric Utility,41.2836,-72.9042,"PSEG Power Connecticut, LLC (Owner/Operator) (Ended Mar 18, 2013)|PSEG New Haven LLC (Owner) (Started Mar 18, 2013)|PSEG Power Connecticut, LLC (Owner/Operator) (Ended Mar 18, 2013)|PSEG New Haven LLC (Operator) (Started Mar 18, 2013)",Phase 2,"",Combustion turbine,Diesel Oil,Pipeline Natural Gas,"",Water Injection|Selective Catalytic Reduction,"","",2012-04-26,Operating,485,3 (60.5),60.5,0,36.1454326923077,51,0.676574519230769,785,774,2013-01-19,2023-11-06,831,0.58235220962325,0.149570245735377,0.00584251654307851,265.652683894231,4152,3,0.0722543352601156,Low,3943,0.597445168467896,,,,,2012,12,OVER,,24,,2030,2067,2030
6156_NHHS4,6156,"",CT,New Haven Harbor,NHHS4,"",2013,"ARP, CAIROS, RGGI","604005 (Ended Mar 18, 2013), 607042 (Started Mar 18, 2013)",1,"",New Haven County,CT009,9,Electric Utility,41.2836,-72.9042,"PSEG Power Connecticut, LLC (Owner/Operator) (Ended Mar 18, 2013)|PSEG New Haven LLC (Owner) (Started Mar 18, 2013)|PSEG Power Connecticut, LLC (Owner/Operator) (Ended Mar 18, 2013)|PSEG New Haven LLC (Operator) (Started Mar 18, 2013)",Phase 2,"",Combustion turbine,Diesel Oil,Pipeline Natural Gas,"",Water Injection|Selective Catalytic Reduction,"","",2012-04-11,Operating,485,4 (60.5),60.5,0,36.3333333333333,51,0.668577777777778,639,628,2013-01-19,2023-11-06,675,0.5786325382263,0.151468868501529,0.00718911314984709,266.463736296296,3528,0,0,Low,3943,0.600550964187327,,,,,2012,12,OVER,,24,,2030,2067,2030
6635_AP-1,6635,"",CT,Alfred L Pierce Generating Station,AP-1,"",2013,"ARP, CAIROS, RGGI",605687,1,NPCC,New Haven County,CT009,9,Electric Utility,41.4485,-72.834,Connecticut Municipal Electric Energy Coop (Owner)|Connecticut Municipal Electric Energy Coop (Operator),Phase 2,"",Combustion turbine,Pipeline Natural Gas,Diesel Oil,"",Dry Low NOx Burners|Water Injection,"","",2007-08-25,Operating,1560,4 (84),84,1,51.8793840889649,97,0.675834046193328,1169,1084,2013-01-12,2023-12-16,1167,0.627340148729533,0.564580341978993,0.00706892344221478,528.309764756202,5256,3,0.0570776255707763,Low,3990,0.61761171534482,,,,,2007,17,1H,,1,,,2062,2062
8002_1,8002,"",NH,Newington,1,"",2013,"ARP, NHNOX, RGGI",112,1,NPCC,Rockingham County,NH015,15,Electric Utility,43.0974,-70.7834,Public Service of New Hampshire (Owner)|Public Service of New Hampshire (Operator),Phase 2,"",Tangentially-fired,Residual Oil,Pipeline Natural Gas,"",Low NOx Burner Technology w/ Separated OFA|Water Injection,Electrostatic Precipitator,"",1974-06-01,Operating,5475,1 (414),414,0,144.600995850622,431,0.944454771784232,4365,4217,2013-01-02,2023-11-14,5873,0.945564853234713,2.32691547494838,4.08221151808783,1879.17560946058,6672,358,5.36570743405276,Low,3968,0.349277767755126,,,,,1974,50,OVER,,24,,2030,2029,2029
